mac_fill,flood_pressure,avg_age
1.0,0.0,0.0164
1.0,0.0,0.0114
1.0,0.0,0.0067
1.0,0.0,0.0063
1.0,0.0,0.0033
1.0,0.0,0.0044
1.0,0.0,0.0062
1.0,0.083,0.0061
1.0,0.0,0.0075
1.0,0.0,0.0081
1.0,0.0,0.0079
1.0,0.0,0.0818
1.0,0.0,0.0091
1.0,0.0,0.0085
1.0,0.0,0.1083
1.0,0.167,0.0861
1.0,0.0,0.0114
1.0,0.0,0.0098
1.0,0.0,0.0105
1.0,0.0,0.0087
0.9,0.0,0.0081
0.9,0.0,0.0083
0.8,0.0,0.006
1.0,0.273,0.0044
1.0,0.0,0.005
1.0,0.0,0.005
1.0,0.0,0.0433
1.0,0.0,0.0433
1.0,0.0,0.06
1.0,0.0,0.0583
1.0,0.0,0.0617
1.0,0.0,0.0717
1.0,0.091,0.0788
1.0,0.0,0.0833
1.0,0.0,0.065
1.0,0.0,0.0068
0.9,0.0,0.0059
0.9,0.0,0.0057
0.8,0.0,0.0033
0.7,0.0,0.0014
0.8,0.125,0.0023
0.8,0.0,0.0187
0.7,0.0,0.0143
0.7,0.0,0.0019
0.7,0.0,0.0014
0.7,0.0,0.0095
0.7,0.0,0.0048
0.7,0.0,0.019
0.7,0.0,0.019
0.7,0.0,0.0143
0.7,0.0,0.004
0.7,0.0,0.0029
0.7,0.0,0.0033
0.7,0.0,0.0045
0.7,0.0,0.0033
0.7,0.0,0.0002
0.7,0.0,0.0002
0.7,0.0,0.0002
0.7,0.0,0.0002
0.7,0.0,0.0002
0.7,0.0,0.0002
0.7,0.0,0.0071
0.7,0.0,0.0
0.7,0.0,0.0048
0.8,0.125,0.0187
0.8,0.0,0.0015
0.8,0.0,0.0006
0.8,0.0,0.0
0.8,0.0,0.0004
0.8,0.0,0.0167
0.8,0.0,0.0167
0.8,0.0,0.0042
0.8,0.0,0.0083
0.9,0.111,0.0004
0.9,0.0,0.0204
1.0,0.0,0.0012
1.0,0.0,0.0007
1.0,0.0,0.0017
1.0,0.0,0.002
1.0,0.0,0.002
1.0,0.0,0.03
1.0,0.0,0.0037
0.9,0.0,0.0017
0.9,0.0,0.0022
0.9,0.0,0.003
0.9,0.0,0.0028
0.8,0.0,0.0002
0.8,0.0,0.0
0.8,0.0,0.0006
0.8,0.0,0.0004
0.8,0.0,0.0
0.8,0.0,0.0004
0.8,0.0,0.0
0.8,0.0,0.0
0.8,0.0,0.0004
0.8,0.0,0.0
0.8,0.0,0.0004
0.8,0.0,0.0083
0.8,0.0,0.0006
0.8,0.0,0.0013
0.8,0.0,0.0013
0.8,0.0,0.0031
0.8,0.0,0.0021
0.7,0.0,0.001
0.8,0.125,0.0013
0.8,0.0,0.0008
0.8,0.0,0.0027
0.8,0.0,0.001
0.8,0.0,0.0008
0.8,0.0,0.0013
0.8,0.0,0.0125
0.9,0.111,0.0111
1.0,0.1,0.005
1.0,0.0,0.0217
1.0,0.0,0.0012
1.0,0.0,0.0012
1.0,0.0,0.0007
1.0,0.0,0.0007
1.0,0.0,0.0007
1.0,0.0,0.0023
1.0,0.0,0.0012
0.9,0.0,0.0
0.9,0.0,0.0006
0.9,0.0,0.0056
0.9,0.0,0.0056
0.9,0.0,0.0111
0.9,0.0,0.0006
0.9,0.0,0.0006
0.9,0.0,0.0037
1.0,0.0,0.002
1.0,0.0,0.0008
1.0,0.0,0.0012
1.0,0.0,0.0007
1.0,0.0,0.01
1.0,0.0,0.01
1.0,0.0,0.0133
1.0,0.0,0.0167
1.0,0.167,0.0236
1.0,0.0,0.0227
1.0,0.0,0.0273
1.0,0.0,0.0029
1.0,0.0,0.0036
1.0,0.0,0.0025
0.9,0.0,0.0015
0.9,0.0,0.0222
0.9,0.0,0.002
0.8,0.0,0.0029
0.8,0.0,0.0271
0.8,0.0,0.0023
0.8,0.0,0.0031
0.8,0.0,0.0312
0.7,0.0,0.0262
0.6,0.0,0.0222
0.7,0.143,0.0048
0.7,0.0,0.0167
0.7,0.0,0.0095
0.6,0.0,0.0222
0.6,0.0,0.0022
0.7,0.143,0.0071
0.7,0.0,0.0019
0.7,0.0,0.0012
0.7,0.0,0.031
0.7,0.0,0.0031
0.6,0.0,0.0006
0.6,0.0,0.0011
0.6,0.0,0.0
0.6,0.0,0.0022
0.6,0.0,0.0022
0.6,0.0,0.0056
0.6,0.0,0.0167
0.7,0.143,0.0048
0.7,0.0,0.0238
0.7,0.0,0.0262
0.7,0.0,0.0143
0.7,0.0,0.0026
0.6,0.0,0.0022
0.6,0.0,0.0033
0.6,0.0,0.0039
0.7,0.143,0.0262
0.8,0.125,0.0292
0.8,0.0,0.0035
0.8,0.0,0.0037
0.7,0.0,0.0014
0.7,0.0,0.0019
0.7,0.0,0.0024
0.7,0.0,0.0167
0.7,0.0,0.0357
0.7,0.0,0.031
0.7,0.0,0.0452
0.7,0.0,0.05
0.7,0.0,0.0064
0.6,0.0,0.0069
0.8,0.25,0.0054
1.0,0.273,0.0042
1.0,0.0,0.0052
0.9,0.0,0.0041
0.9,0.0,0.0481
0.8,0.0,0.0396
0.8,0.0,0.0375
0.8,0.0,0.0479
0.9,0.111,0.0593
0.9,0.0,0.0056
0.9,0.0,0.0063
0.8,0.0,0.0063
0.8,0.0,0.0771
0.8,0.0,0.0833
0.7,0.0,0.0952
0.9,0.222,0.0593
0.8,0.0,0.0417
0.8,0.0,0.0667
0.8,0.0,0.0688
0.7,0.0,0.031
0.7,0.0,0.0405
0.6,0.0,0.0361
0.6,0.0,0.0528
1.0,0.455,0.0318
1.0,0.0,0.0038
1.0,0.0,0.0383
0.9,0.0,0.0296
0.9,0.0,0.0035
0.9,0.0,0.0043
0.8,0.0,0.0044
0.9,0.222,0.0031
0.9,0.0,0.0037
0.8,0.0,0.0025
0.8,0.0,0.0375
0.8,0.0,0.0044
0.8,0.0,0.0688
0.9,0.111,0.0259
0.8,0.0,0.0229
0.8,0.0,0.0017
0.8,0.0,0.025
0.8,0.0,0.0271
0.8,0.0,0.025
0.8,0.0,0.0292
0.7,0.0,0.0286
0.9,0.0,0.003
0.8,0.0,0.0029
0.8,0.0,0.0023
0.9,0.111,0.0024
0.9,0.0,0.0259
1.0,0.1,0.0433
0.9,0.0,0.0315
0.9,0.0,0.0426
0.9,0.0,0.0046
0.9,0.0,0.0041
0.8,0.0,0.0033
0.8,0.0,0.0023
0.9,0.111,0.0039
0.9,0.0,0.0031
0.9,0.0,0.0444
0.9,0.0,0.0278
0.9,0.0,0.037
0.9,0.0,0.0407
0.9,0.0,0.0537
0.9,0.0,0.003
0.9,0.0,0.0037
0.8,0.0,0.0027
0.8,0.0,0.0033
0.9,0.111,0.0241
0.9,0.0,0.0241
0.8,0.0,0.0229
0.8,0.0,0.0002
0.8,0.0,0.0017
0.8,0.0,0.0004
0.8,0.0,0.0004
0.7,0.0,0.0002
1.0,0.0,0.0017
1.0,0.0,0.0067
1.0,0.0,0.0008
1.0,0.0,0.0133
1.0,0.0,0.0003
1.0,0.0,0.0017
1.0,0.0,0.0
1.0,0.0,0.0003
1.0,0.0,0.0017
1.0,0.0,0.01
0.9,0.0,0.0185
1.0,0.1,0.0033
1.0,0.0,0.0033
1.0,0.0,0.0017
1.0,0.0,0.0083
1.0,0.0,0.0033
1.0,0.0,0.0017
1.0,0.0,0.01
1.0,0.0,0.0033
1.0,0.0,0.02
1.0,0.0,0.0008
1.0,0.0,0.0017
1.0,0.0,0.0017
1.0,0.0,0.0017
1.0,0.0,0.0061
1.0,0.0,0.0106
1.0,0.0,0.0009
1.0,0.0,0.0009
1.0,0.0,0.0021
1.0,0.0,0.0321
1.0,0.0,0.0047
1.0,0.0,0.0044
1.0,0.0,0.0023
1.0,0.0,0.0033
1.0,0.0,0.0039
1.0,0.0,0.0055
1.0,0.0,0.0055
1.0,0.0,0.0545
1.0,0.0,0.0576
1.0,0.0,0.0697
1.0,0.0,0.03
1.0,0.0,0.0433
1.0,0.0,0.05
1.0,0.0,0.045
1.0,0.0,0.0517
0.9,0.0,0.0537
0.9,0.0,0.0537
0.8,0.0,0.0521
0.9,0.0,0.0148
0.9,0.0,0.0019
1.0,0.0,0.0017
0.9,0.0,0.0007
0.9,0.111,0.0009
0.9,0.0,0.0037
0.9,0.0,0.0111
0.9,0.0,0.0007
0.9,0.0,0.0007
0.9,0.0,0.0111
0.9,0.0,0.0241
0.9,0.0,0.0148
0.8,0.0,0.0146
0.8,0.0,0.0015
0.8,0.0,0.001
0.8,0.0,0.0146
0.8,0.125,0.0271
0.9,0.111,0.0241
0.9,0.0,0.0315
0.9,0.0,0.003
0.9,0.0,0.0278
0.8,0.0,0.0146
0.8,0.0,0.0104
0.8,0.0,0.0167
0.8,0.0,0.0229
0.7,0.0,0.0357
0.6,0.0,0.0167
0.6,0.0,0.0111
0.6,0.0,0.0194
0.6,0.0,0.0167
0.6,0.0,0.0017
0.6,0.0,0.0017
0.8,0.25,0.0013
0.8,0.0,0.001
0.8,0.0,0.001
0.8,0.0,0.0013
0.8,0.0,0.001
0.8,0.0,0.001
0.8,0.0,0.001
0.8,0.0,0.0027
0.7,0.0,0.0012
0.8,0.0,0.0027
0.8,0.0,0.0271
0.7,0.0,0.0238
0.8,0.0,0.0271
0.8,0.0,0.0063
0.7,0.0,0.0071
0.7,0.0,0.0095
0.6,0.0,0.0028
0.7,0.0,0.0012
0.9,0.0,0.0037
0.8,0.0,0.0125
1.0,0.0,0.0083
1.0,0.0,0.0028
0.9,0.0,0.0017
1.0,0.0,0.0025
0.9,0.0,0.0028
0.9,0.0,0.0019
0.8,0.0,0.0033
1.0,0.2,0.0283
1.0,0.0,0.0283
0.9,0.0,0.0278
0.9,0.0,0.0039
0.8,0.0,0.0035
0.8,0.0,0.0167
0.7,0.0,0.0238
0.6,0.0,0.0194
0.6,0.0,0.0222
0.6,0.0,0.0056
0.6,0.0,0.0222
0.5,0.0,0.0067
0.5,0.0,0.01
0.7,0.286,0.001
0.7,0.0,0.0005
0.7,0.0,0.0029
0.6,0.0,0.0017
0.7,0.0,0.0143
0.7,0.0,0.0143
0.8,0.0,0.0021
0.8,0.0,0.0033
0.7,0.0,0.0048
0.7,0.0,0.0405
0.7,0.0,0.0055
0.9,0.222,0.037
0.9,0.0,0.0519
0.9,0.0,0.0611
0.8,0.0,0.0208
1.0,0.0,0.0167
1.0,0.0,0.0026
1.0,0.0,0.0026
1.0,0.0,0.0424
1.0,0.0,0.0044
1.0,0.0,0.0053
1.0,0.0,0.0057
1.0,0.0,0.008
1.0,0.0,0.0097
1.0,0.0,0.0093
0.9,0.0,0.0067
0.9,0.0,0.0926
1.0,0.0,0.0667
0.9,0.0,0.0463
0.8,0.0,0.0021
0.8,0.0,0.0021
0.7,0.0,0.0024
0.8,0.125,0.0021
0.7,0.0,0.001
0.7,0.0,0.0071
0.7,0.0,0.0071
0.7,0.0,0.0024
0.6,0.0,0.0
0.9,0.222,0.0004
0.8,0.0,0.001
0.9,0.111,0.0093
0.9,0.0,0.003
0.9,0.0,0.0022
0.9,0.0,0.0026
0.9,0.0,0.0044
0.8,0.0,0.0025
0.8,0.0,0.0025
0.9,0.222,0.0035
0.8,0.0,0.0042
0.8,0.0,0.0025
0.7,0.0,0.001
0.7,0.0,0.0238
0.7,0.0,0.031
0.7,0.0,0.0262
0.7,0.0,0.0286
0.7,0.0,0.0045
0.7,0.0,0.05
0.9,0.0,0.0037
0.9,0.0,0.0004
0.8,0.0,0.0
0.9,0.111,0.0002
0.9,0.0,0.0004
0.9,0.0,0.0022
0.8,0.0,0.0002
0.8,0.0,0.0021
0.8,0.0,0.0021
0.8,0.0,0.0021
0.8,0.0,0.0021
0.8,0.0,0.0187
0.8,0.0,0.0187
1.0,0.0,0.0017
0.9,0.0,0.0074
0.9,0.0,0.0074
1.0,0.1,0.015
1.0,0.0,0.0007
1.0,0.0,0.0017
0.9,0.0,0.0017
0.9,0.0,0.0315
0.9,0.0,0.0352
0.9,0.0,0.005
0.8,0.0,0.0027
0.8,0.0,0.0044
0.7,0.0,0.0019
0.7,0.0,0.0333
0.7,0.143,0.0214
0.7,0.0,0.0214
1.0,0.364,0.0167
1.0,0.0,0.0083
1.0,0.0,0.003
1.0,0.1,0.0035
1.0,0.091,0.0042
1.0,0.0,0.0053
1.0,0.0,0.0055
1.0,0.167,0.0026
1.0,0.0,0.0347
1.0,0.0,0.0036
1.0,0.0,0.0472
1.0,0.0,0.0258
1.0,0.0,0.0136
1.0,0.0,0.0067
1.0,0.0,0.0167
1.0,0.0,0.0167
1.0,0.0,0.0283
1.0,0.0,0.0032
1.0,0.0,0.0047
1.0,0.0,0.0045
0.9,0.0,0.0052
0.9,0.0,0.0057
0.9,0.0,0.0041
0.8,0.0,0.0042
0.8,0.0,0.0042
0.9,0.0,0.0039
0.9,0.0,0.0039
0.9,0.0,0.0046
0.9,0.111,0.0037
0.9,0.0,0.0481
0.9,0.0,0.0481
0.8,0.0,0.0542
0.8,0.0,0.0542
0.8,0.0,0.0063
0.8,0.0,0.0054
0.9,0.111,0.0061
0.9,0.0,0.0574
0.9,0.0,0.0574
0.8,0.0,0.0437
0.8,0.0,0.0521
0.8,0.0,0.0542
0.8,0.0,0.0458
0.8,0.125,0.0542
0.8,0.0,0.0046
0.8,0.0,0.05
0.8,0.0,0.0396
0.8,0.0,0.0437
0.8,0.0,0.0479
0.7,0.0,0.019
0.7,0.0,0.0238
0.6,0.0,0.0083
0.6,0.0,0.0167
0.6,0.0,0.0
0.6,0.0,0.0008
0.6,0.0,0.0011
0.6,0.0,0.0167
0.5,0.0,0.0067
0.5,0.0,0.0067
0.5,0.0,0.0033
0.5,0.0,0.0067
0.5,0.0,0.0007
0.5,0.0,0.0133
0.8,0.375,0.0146
0.8,0.0,0.0312
0.8,0.0,0.0375
0.7,0.0,0.0048
0.7,0.0,0.0214
0.7,0.0,0.0262
0.7,0.0,0.0029
0.7,0.143,0.0036
0.7,0.0,0.0405
0.7,0.0,0.0571
0.7,0.0,0.0643
0.6,0.0,0.0472
0.6,0.0,0.05
0.5,0.0,0.03
0.8,0.375,0.0229
1.0,0.2,0.0033
0.9,0.0,0.0024
0.9,0.0,0.0011
0.9,0.0,0.0315
0.9,0.0,0.0296
0.8,0.0,0.0458
0.8,0.125,0.025
0.8,0.0,0.0042
0.8,0.0,0.0046
0.8,0.0,0.0542
0.7,0.0,0.0333
0.7,0.0,0.0405
0.7,0.0,0.0405
0.7,0.0,0.0548
0.7,0.0,0.0476
0.7,0.0,0.0405
0.7,0.0,0.0057
0.7,0.0,0.0643
0.7,0.0,0.0057
0.8,0.125,0.0065
0.7,0.0,0.0021
0.7,0.0,0.0262
0.7,0.0,0.0095
0.7,0.0,0.0071
0.7,0.0,0.0143
0.7,0.0,0.019
0.7,0.0,0.0238
0.7,0.0,0.0381
0.6,0.0,0.0028
0.6,0.0,0.0056
0.6,0.0,0.0111
0.7,0.143,0.0017
0.7,0.0,0.0214
0.7,0.0,0.019
0.7,0.0,0.0262
0.7,0.0,0.031
0.7,0.0,0.0036
0.7,0.0,0.0038
0.7,0.0,0.0405
0.7,0.0,0.0548
0.7,0.0,0.0571
0.7,0.0,0.0619
0.7,0.0,0.0738
0.7,0.0,0.0762
0.7,0.0,0.1024
0.7,0.0,0.1048
0.7,0.0,0.1214
0.7,0.0,0.119
0.7,0.0,0.1357
0.7,0.0,0.0143
0.7,0.0,0.0164
0.7,0.0,0.1643
0.7,0.0,0.0188
0.7,0.0,0.1857
0.7,0.0,0.019
0.7,0.0,0.2048
0.7,0.0,0.0214
0.7,0.0,0.2357
0.7,0.0,0.0233
0.7,0.0,0.2429
0.7,0.0,0.0248
0.7,0.0,0.0262
0.7,0.0,0.0271
0.7,0.0,0.2762
0.8,0.125,0.0177
0.8,0.0,0.0179
0.7,0.0,0.0079
0.7,0.0,0.0088
0.7,0.0,0.0086
0.7,0.0,0.0905
0.7,0.0,0.0952
0.6,0.0,0.0222
0.8,0.25,0.0417
0.8,0.0,0.0458
0.8,0.0,0.0417
0.7,0.0,0.0405
0.7,0.0,0.0055
0.7,0.0,0.0057
0.7,0.0,0.069
0.7,0.0,0.0093
0.7,0.0,0.0952
0.7,0.0,0.1238
0.7,0.0,0.131
0.7,0.0,0.0133
0.7,0.0,0.1452
0.7,0.0,0.0169
0.6,0.0,0.0133
0.8,0.25,0.0771
0.8,0.0,0.0792
0.7,0.0,0.0476
0.7,0.0,0.0476
0.7,0.0,0.0476
0.7,0.0,0.0524
0.7,0.0,0.0571
0.7,0.0,0.0643
0.9,0.222,0.0037
0.9,0.0,0.0093
0.9,0.0,0.0111
0.9,0.0,0.003
0.9,0.0,0.037
0.8,0.0,0.0167
0.7,0.0,0.0167
0.7,0.0,0.0167
0.7,0.0,0.0262
0.8,0.125,0.0292
0.8,0.0,0.0229
0.8,0.0,0.0031
0.7,0.0,0.0026
0.7,0.0,0.019
0.7,0.0,0.031
0.7,0.0,0.0038
0.7,0.0,0.005
0.8,0.125,0.0067
0.7,0.0,0.0052
0.7,0.0,0.0643
0.7,0.0,0.0714
0.7,0.0,0.0786
0.7,0.0,0.0905
0.7,0.0,0.0976
0.7,0.0,0.0117
0.7,0.143,0.0055
0.7,0.0,0.0643
0.7,0.0,0.0833
0.7,0.0,0.0088
0.6,0.0,0.0042
0.6,0.0,0.0047
0.5,0.0,0.0023
0.5,0.0,0.0
0.5,0.0,0.0133
0.5,0.0,0.0233
0.5,0.0,0.0267
0.4,0.0,0.025
0.3,0.0,0.0
0.3,0.0,0.0
0.3,0.0,0.0056
0.3,0.0,0.0
0.8,0.625,0.0125
0.8,0.0,0.0125
0.7,0.0,0.0238
0.7,0.0,0.0357
0.8,0.125,0.0004
0.8,0.0,0.0033
0.8,0.0,0.0037
0.8,0.0,0.0458
0.8,0.125,0.0375
0.8,0.0,0.004
0.7,0.0,0.0052
0.7,0.0,0.0045
0.7,0.0,0.0048
0.7,0.0,0.0548
0.7,0.0,0.0738
0.7,0.0,0.0067
0.8,0.125,0.0646
0.8,0.0,0.0708
0.7,0.0,0.0476
0.7,0.0,0.0619
0.7,0.0,0.0619
0.7,0.0,0.0667
0.7,0.0,0.081
0.7,0.0,0.0086
0.9,0.222,0.002
0.8,0.0,0.0004
0.8,0.0,0.0
0.8,0.0,0.0021
0.8,0.0,0.0
0.8,0.0,0.0004
0.8,0.0,0.0008
0.7,0.0,0.0014
0.9,0.222,0.0204
0.8,0.0,0.0125
0.7,0.0,0.0238
0.7,0.0,0.0024
0.7,0.0,0.0024
0.7,0.0,0.0262
0.7,0.0,0.0214
0.9,0.222,0.0111
0.8,0.0,0.0229
0.8,0.0,0.0229
0.7,0.0,0.0214
0.8,0.125,0.0
0.8,0.0,0.0015
0.8,0.0,0.0023
0.7,0.0,0.0019
0.7,0.0,0.0014
0.7,0.0,0.0214
0.7,0.0,0.0238
0.7,0.0,0.0238
0.7,0.0,0.0238
0.7,0.0,0.0357
0.6,0.0,0.0056
0.6,0.0,0.0
0.6,0.0,0.0028
0.6,0.0,0.0
0.6,0.0,0.0008
0.6,0.0,0.0056
0.6,0.0,0.0111
0.6,0.0,0.0083
0.6,0.0,0.0083
0.6,0.0,0.0222
0.6,0.0,0.0194
1.0,0.5,0.0067
1.0,0.0,0.0117
1.0,0.0,0.005
1.0,0.0,0.0117
1.0,0.0,0.005
1.0,0.0,0.0017
1.0,0.0,0.0083
1.0,0.0,0.01
1.0,0.091,0.0273
1.0,0.0,0.0258
1.0,0.0,0.0183
1.0,0.0,0.0167
1.0,0.091,0.0212
1.0,0.0,0.0242
1.0,0.0,0.02
0.9,0.0,0.0167
0.9,0.0,0.0019
0.9,0.0,0.0017
0.9,0.0,0.0017
0.9,0.0,0.013
0.9,0.0,0.0167
0.9,0.0,0.0185
0.9,0.0,0.0167
0.9,0.0,0.0167
1.0,0.25,0.0139
1.0,0.0,0.0222
1.0,0.0,0.0025
1.0,0.0,0.0013
1.0,0.0,0.0013
1.0,0.0,0.0236
1.0,0.0,0.0125
1.0,0.0,0.0153
1.0,0.083,0.0125
1.0,0.0,0.0153
1.0,0.0,0.0333
1.0,0.0,0.0267
0.9,0.0,0.0111
0.9,0.0,0.0148
0.9,0.0,0.0167
0.8,0.0,0.0312
1.0,0.2,0.0083
1.0,0.0,0.001
1.0,0.0,0.0008
1.0,0.0,0.0008
1.0,0.0,0.0015
1.0,0.0,0.001
1.0,0.0,0.0013
1.0,0.0,0.0008
1.0,0.0,0.0008
1.0,0.0,0.0023
1.0,0.0,0.0017
1.0,0.0,0.02
0.8,0.0,0.0292
0.7,0.0,0.0143
0.7,0.0,0.0143
0.7,0.0,0.019
0.7,0.0,0.0238
0.9,0.222,0.0241
0.9,0.0,0.0241
0.8,0.0,0.0083
0.7,0.0,0.019
0.8,0.125,0.0167
0.8,0.0,0.0083
0.8,0.0,0.0146
0.7,0.0,0.0095
0.9,0.222,0.0278
0.8,0.0,0.0104
0.8,0.0,0.0013
0.7,0.0,0.0026
0.7,0.143,0.0017
0.7,0.0,0.0095
0.7,0.0,0.0119
0.7,0.0,0.0143
0.7,0.0,0.031
0.7,0.0,0.031
0.7,0.0,0.0262
0.7,0.0,0.0333
0.7,0.0,0.0033
0.7,0.0,0.0571
0.7,0.0,0.0052
0.7,0.0,0.0548
0.9,0.222,0.0537
0.8,0.0,0.0292
0.7,0.0,0.0071
0.7,0.0,0.0119
0.7,0.0,0.0005
0.7,0.0,0.0071
0.7,0.0,0.0095
0.7,0.0,0.0119
0.9,0.222,0.0015
0.8,0.0,0.001
0.7,0.0,0.0007
0.7,0.0,0.0024
0.7,0.0,0.0
0.7,0.0,0.0214
0.7,0.0,0.0167
0.7,0.0,0.0024
0.6,0.0,0.0014
0.6,0.0,0.0139
0.6,0.0,0.0361
0.6,0.0,0.0278
0.6,0.0,0.0333
0.6,0.0,0.0278
0.6,0.0,0.005
0.6,0.0,0.0417
0.6,0.0,0.0417
0.6,0.0,0.0
0.6,0.0,0.0056
0.6,0.0,0.0028
0.6,0.0,0.0056
0.6,0.0,0.0
0.6,0.0,0.0056
0.6,0.0,0.0222
0.6,0.0,0.0011
0.6,0.0,0.0056
0.6,0.0,0.0056
0.6,0.0,0.0028
0.6,0.0,0.0028
0.6,0.0,0.0
0.6,0.0,0.0028
0.6,0.0,0.0028
0.6,0.0,0.0056
0.7,0.143,0.0048
0.7,0.0,0.0071
0.7,0.0,0.0143
0.7,0.0,0.0262
0.7,0.0,0.0048
0.7,0.0,0.0119
0.7,0.0,0.0119
0.7,0.0,0.019
0.7,0.0,0.0381
0.6,0.0,0.0194
0.6,0.0,0.025
0.6,0.0,0.0222
0.6,0.0,0.0278
0.6,0.0,0.0361
0.6,0.0,0.0333
0.6,0.0,0.0389
0.5,0.0,0.0
0.5,0.0,0.0033
0.5,0.0,0.0033
0.5,0.0,0.0
0.5,0.0,0.02
0.5,0.0,0.0003
0.5,0.0,0.0
0.5,0.0,0.0003
0.6,0.167,0.0
0.6,0.0,0.0222
0.6,0.0,0.0028
0.6,0.0,0.0028
0.6,0.0,0.0028
0.6,0.0,0.0
0.6,0.0,0.0003
0.6,0.0,0.0
0.6,0.0,0.0028
0.6,0.0,0.0028
0.6,0.0,0.0028
0.6,0.0,0.025
0.6,0.0,0.0167
0.6,0.0,0.0167
0.6,0.0,0.0222
0.6,0.0,0.0278
0.6,0.0,0.025
0.6,0.0,0.025
0.6,0.0,0.0361
0.6,0.0,0.0361
0.6,0.0,0.0444
0.6,0.0,0.0472
0.6,0.0,0.005
0.6,0.0,0.0047
0.6,0.0,0.0528
0.7,0.143,0.0619
0.7,0.0,0.0667
0.7,0.0,0.0595
0.7,0.0,0.0595
0.7,0.0,0.0595
0.7,0.0,0.0524
0.7,0.0,0.0571
0.7,0.0,0.0057
0.7,0.0,0.0619
0.7,0.0,0.0524
0.7,0.0,0.05
0.7,0.0,0.0055
0.7,0.0,0.0524
0.7,0.0,0.0524
0.7,0.0,0.0571
0.7,0.0,0.0571
1.0,0.3,0.004
0.9,0.0,0.0059
0.9,0.0,0.0057
0.8,0.0,0.006
0.7,0.0,0.0062
0.9,0.222,0.0556
0.9,0.0,0.0574
0.8,0.0,0.0583
0.9,0.111,0.0046
0.9,0.0,0.0052
0.9,0.0,0.0056
0.8,0.0,0.0067
0.9,0.111,0.0044
0.9,0.0,0.0048
0.9,0.0,0.005
0.9,0.0,0.0057
1.0,0.2,0.0017
0.9,0.0,0.0017
0.9,0.0,0.002
0.8,0.0,0.0021
0.7,0.0,0.0014
0.9,0.222,0.0056
0.9,0.0,0.0007
0.8,0.0,0.0013
0.7,0.0,0.0012
0.8,0.125,0.0002
0.8,0.0,0.0008
0.8,0.0,0.0006
0.7,0.0,0.0
0.8,0.125,0.0004
0.8,0.0,0.0002
0.8,0.0,0.0063
0.7,0.0,0.0048
0.8,0.125,0.0021
0.8,0.0,0.0083
0.8,0.0,0.0063
0.8,0.0,0.0125
0.7,0.0,0.0
0.8,0.125,0.0042
0.8,0.0,0.001
0.8,0.0,0.0006
0.7,0.0,0.0005
0.9,0.222,0.013
0.9,0.0,0.0148
0.9,0.0,0.0167
0.8,0.0,0.0104
0.9,0.111,0.0002
0.9,0.0,0.0037
0.9,0.0,0.0185
0.8,0.0,0.0187
0.7,0.0,0.0024
0.7,0.0,0.0024
0.7,0.0,0.0
0.7,0.0,0.0024
0.7,0.0,0.0
0.7,0.0,0.0
0.7,0.0,0.0
0.7,0.0,0.0
0.7,0.0,0.0
0.7,0.0,0.0
0.7,0.0,0.0
0.7,0.0,0.0
0.7,0.0,0.0
0.7,0.0,0.0
0.7,0.0,0.0
0.7,0.0,0.0024
0.7,0.0,0.0048
0.8,0.125,0.0063
0.7,0.0,0.0024
0.7,0.0,0.0071
0.7,0.0,0.0167
0.7,0.0,0.0214
0.7,0.0,0.0143
0.7,0.0,0.019
0.7,0.0,0.0238
0.7,0.0,0.0286
0.8,0.125,0.0354
0.7,0.0,0.0048
0.7,0.0,0.0048
0.7,0.0,0.0
0.7,0.0,0.0
0.7,0.0,0.0
0.7,0.0,0.0048
0.7,0.0,0.0
0.8,0.125,0.0
0.8,0.0,0.0006
0.8,0.0,0.0008
0.8,0.0,0.0006
0.8,0.0,0.0025
0.8,0.0,0.0017
0.8,0.0,0.0008
0.8,0.0,0.001
0.8,0.0,0.0008
0.8,0.0,0.0017
0.8,0.0,0.0167
0.8,0.0,0.0167
0.8,0.0,0.0042
0.8,0.0,0.0042
0.8,0.0,0.0
0.8,0.0,0.0
0.8,0.0,0.0
0.8,0.0,0.0
0.8,0.125,0.0021
0.9,0.111,0.0
0.9,0.0,0.0056
0.9,0.0,0.0
0.9,0.0,0.0
0.9,0.0,0.0
0.9,0.0,0.0037
0.9,0.0,0.0056
0.9,0.0,0.0056
0.9,0.0,0.0093
0.9,0.0,0.013
0.8,0.0,0.025
0.8,0.0,0.0146
0.7,0.0,0.0
0.7,0.0,0.0
0.7,0.0,0.0
0.7,0.0,0.0
0.7,0.0,0.0167
0.7,0.0,0.0024
0.7,0.0,0.0024
0.7,0.0,0.0024
0.7,0.0,0.0024
0.7,0.0,0.0
0.7,0.0,0.0
0.7,0.0,0.0
0.7,0.0,0.0
0.6,0.0,0.0
0.7,0.0,0.0
0.7,0.0,0.0
0.7,0.0,0.0
0.7,0.0,0.0
0.7,0.0,0.0
0.7,0.0,0.0024
0.7,0.0,0.0
0.7,0.0,0.0
0.7,0.0,0.0
0.7,0.0,0.0
0.7,0.0,0.0
0.7,0.0,0.0
0.7,0.0,0.0
0.7,0.0,0.0
0.7,0.0,0.0
0.7,0.0,0.0002
0.7,0.0,0.0048
0.7,0.0,0.0
0.7,0.0,0.0024
0.6,0.0,0.0
0.7,0.143,0.0
0.7,0.0,0.0
0.7,0.0,0.0024
0.7,0.0,0.0024
0.7,0.0,0.0024
0.7,0.0,0.0
0.7,0.0,0.0002
0.7,0.0,0.0
0.7,0.0,0.0
0.8,0.125,0.0021
0.9,0.111,0.0056
0.9,0.0,0.0056
0.8,0.0,0.0
0.8,0.0,0.0
0.9,0.111,0.0167
0.9,0.0,0.0037
0.9,0.0,0.0056
0.8,0.0,0.0
0.8,0.0,0.0063
0.8,0.0,0.0042
0.8,0.0,0.0083
0.7,0.0,0.0
0.7,0.0,0.0048
0.7,0.0,0.0007
0.7,0.0,0.0095
0.7,0.0,0.0119
0.7,0.0,0.0143
0.7,0.0,0.019
0.7,0.0,0.0214
0.7,0.0,0.0262
0.7,0.0,0.0262
0.7,0.0,0.0286
0.6,0.0,0.0
0.6,0.0,0.0028
0.6,0.0,0.0222
0.6,0.0,0.0167
0.6,0.0,0.0194
0.6,0.0,0.0222
0.6,0.0,0.0194
0.6,0.0,0.0222
0.6,0.0,0.025
0.6,0.0,0.0444
0.6,0.0,0.0389
0.6,0.167,0.0056
0.6,0.0,0.0056
0.6,0.0,0.0056
0.6,0.0,0.0056
0.6,0.0,0.0
0.6,0.0,0.0
0.6,0.0,0.0
0.6,0.0,0.0167
0.6,0.0,0.0083
0.9,0.333,0.0037
0.9,0.0,0.0056
0.8,0.0,0.0208
0.7,0.0,0.0119
0.8,0.125,0.0
0.8,0.0,0.0021
0.8,0.0,0.0042
0.8,0.0,0.0063
0.7,0.0,0.0167
0.9,0.222,0.0056
0.9,0.0,0.0056
0.9,0.0,0.0056
0.9,0.0,0.0056
0.9,0.0,0.0002
0.9,0.0,0.0004
0.9,0.0,0.0006
0.8,0.0,0.001
0.8,0.0,0.0017
0.8,0.125,0.0004
0.8,0.0,0.0002
0.8,0.0,0.0004
0.8,0.0,0.0006
0.8,0.0,0.0006
0.8,0.0,0.0006
0.7,0.0,0.0019
0.7,0.0,0.0021
0.9,0.222,0.0009
0.8,0.0,0.0006
0.8,0.0,0.0025
0.7,0.0,0.0012
0.8,0.125,0.0271
0.7,0.0,0.019
0.7,0.0,0.0119
0.7,0.0,0.0286
0.7,0.0,0.031
0.7,0.0,0.0333
0.7,0.0,0.0357
0.7,0.0,0.0238
0.7,0.0,0.0262
0.7,0.0,0.031
0.7,0.0,0.0333
0.7,0.0,0.0357
0.8,0.25,0.0167
0.8,0.0,0.0208
0.8,0.0,0.0271
0.7,0.0,0.0119
0.7,0.0,0.0143
0.8,0.125,0.0006
0.8,0.0,0.001
0.8,0.0,0.0017
0.7,0.0,0.001
0.9,0.222,0.0093
0.9,0.0,0.0315
0.8,0.0,0.0208
0.7,0.0,0.019
0.7,0.0,0.0048
0.8,0.125,0.0063
0.8,0.0,0.0083
0.8,0.0,0.0125
0.7,0.0,0.0048
0.9,0.222,0.0
0.9,0.0,0.0006
0.8,0.0,0.0021
0.8,0.0,0.0021
0.9,0.111,0.0013
0.9,0.0,0.0009
0.9,0.0,0.0017
0.8,0.0,0.001
0.9,0.222,0.0004
0.9,0.0,0.0002
0.9,0.0,0.0006
0.9,0.0,0.0006
0.8,0.0,0.0019
0.9,0.111,0.0017
0.9,0.0,0.0004
0.9,0.0,0.0007
0.8,0.0,0.0
0.9,0.111,0.0002
0.9,0.0,0.0002
0.9,0.0,0.0056
0.8,0.0,0.0167
0.8,0.0,0.0019
0.9,0.111,0.0017
0.9,0.0,0.0019
0.9,0.0,0.0006
0.9,0.0,0.0006
0.9,0.0,0.0015
1.0,0.25,0.0011
1.0,0.0,0.0008
1.0,0.0,0.0009
1.0,0.0,0.003
1.0,0.0,0.0002
1.0,0.0,0.0005
1.0,0.0,0.0009
1.0,0.0,0.0011
1.0,0.0,0.0027
1.0,0.0,0.02
0.9,0.0,0.0111
0.8,0.0,0.0021
0.8,0.0,0.0021
0.8,0.0,0.0042
0.8,0.0,0.0042
0.8,0.0,0.0042
0.8,0.0,0.0021
0.8,0.0,0.0
0.8,0.0,0.0021
0.8,0.0,0.0002
0.8,0.0,0.0004
0.8,0.0,0.0021
0.8,0.0,0.0
0.8,0.0,0.0021
0.8,0.0,0.0083
0.8,0.0,0.0083
0.8,0.0,0.0063
0.8,0.0,0.0006
0.7,0.0,0.0002
0.7,0.0,0.0
0.7,0.0,0.019
0.7,0.0,0.0167
0.7,0.0,0.0143
0.7,0.0,0.0048
0.9,0.222,0.0093
0.9,0.0,0.0
0.9,0.0,0.0
0.9,0.0,0.0037
0.9,0.0,0.0148
0.9,0.0,0.013
0.9,0.0,0.0167
0.8,0.0,0.0146
0.7,0.0,0.0
0.7,0.0,0.0048
0.7,0.0,0.0
0.7,0.0,0.0024
0.7,0.0,0.0048
0.7,0.0,0.0095
0.7,0.0,0.0095
0.7,0.0,0.0095
0.7,0.0,0.0143
0.7,0.0,0.0143
0.7,0.0,0.019
0.7,0.0,0.019
0.7,0.0,0.0029
0.7,0.0,0.0286
0.7,0.0,0.0333
0.7,0.0,0.0333
0.7,0.0,0.0333
0.7,0.0,0.0381
0.7,0.0,0.0429
0.7,0.0,0.0405
0.7,0.0,0.0476
0.7,0.0,0.0524
0.7,0.0,0.0524
0.7,0.0,0.0548
0.7,0.0,0.0548
0.7,0.0,0.0619
0.8,0.125,0.0583
0.8,0.0,0.0604
0.7,0.0,0.0048
0.7,0.0,0.0048
0.7,0.0,0.0024
0.7,0.0,0.0
0.7,0.0,0.0024
0.7,0.0,0.0095
0.7,0.0,0.0071
0.7,0.0,0.0143
0.7,0.0,0.0095
0.7,0.0,0.0119
0.7,0.0,0.0119
0.7,0.0,0.019
0.7,0.0,0.0262
0.7,0.0,0.0214
0.7,0.0,0.0262
0.7,0.0,0.0262
0.8,0.125,0.0292
0.8,0.0,0.0333
0.7,0.0,0.0048
0.7,0.0,0.0095
0.7,0.0,0.0048
0.7,0.0,0.0024
0.7,0.0,0.0
0.7,0.0,0.0048
0.7,0.0,0.0095
0.7,0.0,0.0095
0.7,0.0,0.0143
0.7,0.0,0.0167
0.7,0.0,0.0214
0.7,0.0,0.0019
0.7,0.0,0.0238
0.7,0.0,0.0238
0.7,0.0,0.031
0.7,0.0,0.0333
0.7,0.0,0.0357
0.6,0.0,0.0056
0.6,0.0,0.0003
0.6,0.0,0.0056
0.6,0.0,0.0028
0.6,0.0,0.0028
0.6,0.0,0.0
0.6,0.0,0.0028
0.6,0.0,0.0017
0.6,0.0,0.0028
0.6,0.0,0.0111
0.6,0.0,0.0056
0.6,0.0,0.0028
0.6,0.0,0.0
0.6,0.0,0.0056
0.6,0.0,0.0
0.6,0.0,0.0111
0.8,0.25,0.0
0.8,0.0,0.0021
0.8,0.0,0.0083
0.8,0.0,0.0063
0.8,0.0,0.0083
0.8,0.0,0.0
0.8,0.0,0.0021
0.8,0.0,0.0125
0.7,0.0,0.0071
1.0,0.3,0.0067
1.0,0.0,0.01
0.9,0.0,0.0167
0.9,0.0,0.0185
0.8,0.0,0.0229
0.9,0.111,0.0019
0.9,0.0,0.0056
0.9,0.0,0.0111
0.9,0.0,0.0185
0.8,0.0,0.0167
1.0,0.3,0.0267
0.9,0.0,0.0204
0.9,0.0,0.0185
0.8,0.0,0.0167
0.9,0.111,0.0037
0.9,0.0,0.0056
0.9,0.0,0.0074
0.9,0.0,0.0093
0.9,0.0,0.0167
0.9,0.111,0.0019
0.9,0.0,0.0
0.9,0.0,0.0185
0.9,0.0,0.0167
0.9,0.0,0.0074
0.9,0.0,0.0111
0.9,0.0,0.0019
0.8,0.0,0.0025
0.7,0.0,0.0021
1.0,0.455,0.0006
1.0,0.0,0.0005
1.0,0.0,0.0011
1.0,0.0,0.0015
1.0,0.0,0.0021
1.0,0.0,0.0
1.0,0.0,0.0026
1.0,0.0,0.0318
1.0,0.0,0.0041
1.0,0.0,0.0027
1.0,0.0,0.003
0.9,0.0,0.0026
0.8,0.0,0.0017
0.8,0.0,0.0187
0.7,0.0,0.0119
0.7,0.0,0.0
0.7,0.0,0.0002
0.7,0.0,0.0024
0.7,0.0,0.0024
0.7,0.0,0.0024
0.7,0.0,0.0048
0.7,0.0,0.019
0.7,0.0,0.019
0.7,0.0,0.0143
0.7,0.0,0.0095
0.7,0.0,0.0167
0.7,0.0,0.0167
0.7,0.0,0.0214
0.8,0.125,0.0187
0.8,0.0,0.0023
0.7,0.0,0.0005
0.7,0.0,0.001
0.7,0.0,0.0095
0.7,0.0,0.0024
0.7,0.0,0.0024
0.7,0.0,0.0071
0.7,0.0,0.0071
0.7,0.0,0.0143
0.8,0.125,0.0271
0.7,0.0,0.019
0.7,0.0,0.0019
0.7,0.0,0.0048
0.7,0.0,0.0143
0.7,0.0,0.0048
0.7,0.0,0.0048
0.7,0.0,0.0
0.7,0.0,0.0048
0.9,0.222,0.0
0.9,0.0,0.0037
0.9,0.0,0.0
0.9,0.0,0.0037
0.9,0.0,0.0111
0.9,0.0,0.0093
0.9,0.0,0.0148
0.8,0.0,0.0125
0.7,0.0,0.0119
0.7,0.0,0.0119
0.7,0.0,0.019
0.7,0.0,0.0167
0.7,0.0,0.0214
0.7,0.0,0.0214
0.7,0.0,0.0262
0.7,0.0,0.0262
0.7,0.0,0.031
0.7,0.0,0.031
0.7,0.0,0.0357
0.7,0.0,0.0429
0.7,0.0,0.0429
0.7,0.0,0.0476
0.7,0.0,0.0476
0.7,0.0,0.005
0.6,0.0,0.0003
0.6,0.0,0.0056
0.6,0.0,0.0028
0.6,0.0,0.0028
0.9,0.333,0.0019
0.9,0.0,0.0056
0.9,0.0,0.0056
0.9,0.0,0.0074
0.9,0.0,0.0074
0.9,0.0,0.0019
0.9,0.0,0.0093
0.9,0.0,0.0111
0.8,0.0,0.0063
0.8,0.0,0.0083
0.9,0.111,0.0037
0.9,0.0,0.0007
0.9,0.0,0.0009
0.9,0.0,0.0004
0.9,0.0,0.0007
0.9,0.0,0.0009
0.9,0.0,0.0013
0.9,0.0,0.0011
0.8,0.0,0.001
0.8,0.0,0.0013
0.8,0.0,0.0354
0.7,0.0,0.031
0.7,0.0,0.0333
0.7,0.0,0.0286
0.7,0.0,0.0357
0.7,0.0,0.0381
0.7,0.0,0.0381
0.7,0.0,0.031
0.9,0.222,0.0241
0.8,0.0,0.0021
0.8,0.0,0.0
0.8,0.0,0.0021
0.8,0.0,0.0
0.8,0.0,0.0104
0.8,0.0,0.0008
0.8,0.0,0.0083
0.8,0.0,0.0083
1.0,0.385,0.0051
1.0,0.0,0.0006
1.0,0.0,0.0001
1.0,0.0,0.0004
1.0,0.0,0.0001
1.0,0.0,0.0003
1.0,0.0,0.0
1.0,0.0,0.0018
1.0,0.0,0.0019
1.0,0.0,0.0023
1.0,0.0,0.0021
1.0,0.0,0.0018
1.0,0.0,0.0017
1.0,0.0,0.0045
1.0,0.0,0.0045
1.0,0.0,0.0076
1.0,0.0,0.0106
1.0,0.0,0.01
0.9,0.0,0.0037
1.0,0.182,0.003
1.0,0.0,0.0182
1.0,0.0,0.0167
1.0,0.0,0.0182
1.0,0.0,0.0106
1.0,0.0,0.0045
1.0,0.0,0.0015
1.0,0.0,0.0045
1.0,0.0,0.0045
1.0,0.083,0.0014
1.0,0.0,0.0028
1.0,0.0,0.0056
1.0,0.0,0.0083
1.0,0.0,0.0153
1.0,0.077,0.0115
1.0,0.0,0.0056
1.0,0.0,0.0111
1.0,0.0,0.0061
1.0,0.0,0.0009
1.0,0.167,0.0003
1.0,0.0,0.0008
1.0,0.0,0.0008
1.0,0.0,0.0009
1.0,0.0,0.0
1.0,0.167,0.0004
1.0,0.0,0.0004
1.0,0.0,0.001
1.0,0.0,0.0005
1.0,0.231,0.0003
1.0,0.0,0.0004
1.0,0.0,0.0024
1.0,0.0,0.0013
1.0,0.0,0.0006
1.0,0.154,0.0006
1.0,0.0,0.0008
1.0,0.0,0.0017
1.0,0.0,0.0013
1.0,0.0,0.0194
1.0,0.0,0.0121
1.0,0.0,0.0033
1.0,0.0,0.0
1.0,0.0,0.0033
1.0,0.0,0.0
1.0,0.0,0.0033
1.0,0.0,0.0
1.0,0.0,0.02
1.0,0.0,0.005
1.0,0.0,0.0017
1.0,0.0,0.005
1.0,0.0,0.0017
1.0,0.0,0.0033
1.0,0.0,0.0033
1.0,0.0,0.005
1.0,0.0,0.005
1.0,0.0,0.0083
1.0,0.0,0.0067
1.0,0.091,0.0076
1.0,0.0,0.0061
1.0,0.0,0.0227
1.0,0.0,0.0212
1.0,0.0,0.0197
1.0,0.0,0.0212
1.0,0.0,0.0197
1.0,0.0,0.0182
1.0,0.0,0.0212
1.0,0.0,0.0091
1.0,0.0,0.0197
1.0,0.0,0.0067
1.0,0.0,0.0083
1.0,0.091,0.0076
1.0,0.0,0.0067
1.0,0.0,0.0076
1.0,0.0,0.0067
1.0,0.0,0.01
1.0,0.0,0.0083
1.0,0.0,0.0111
1.0,0.0,0.0061
1.0,0.0,0.0083
1.0,0.0,0.0067
1.0,0.0,0.0083
1.0,0.091,0.0152
1.0,0.0,0.0133
1.0,0.0,0.0167
1.0,0.0,0.0167
0.9,0.0,0.0167
0.8,0.0,0.0083
0.8,0.0,0.0104
0.8,0.0,0.0125
0.8,0.0,0.0104
0.8,0.0,0.0146
0.8,0.0,0.0125
1.0,0.2,0.0133
1.0,0.0,0.0167
1.0,0.0,0.0267
0.8,0.0,0.0125
0.7,0.0,0.0024
0.9,0.222,0.0019
0.9,0.0,0.0074
0.9,0.0,0.0011
0.8,0.0,0.0008
0.7,0.0,0.0005
0.7,0.0,0.0024
0.7,0.0,0.0071
0.7,0.0,0.0048
0.7,0.0,0.0071
0.7,0.0,0.0
0.7,0.0,0.0024
0.7,0.0,0.0
0.7,0.0,0.0048
0.7,0.0,0.0
0.7,0.0,0.0024
0.7,0.0,0.0
0.7,0.0,0.0024
0.7,0.0,0.0048
0.7,0.0,0.0024
0.7,0.0,0.0048
0.7,0.0,0.0024
0.7,0.0,0.0048
0.7,0.0,0.0048
0.7,0.0,0.0071
0.7,0.0,0.0048
0.7,0.0,0.0024
0.7,0.0,0.0002
0.7,0.0,0.0024
0.7,0.0,0.0
0.8,0.125,0.0042
0.8,0.0,0.0104
0.7,0.0,0.0024
0.8,0.125,0.0083
0.8,0.0,0.0042
0.8,0.0,0.0063
0.8,0.0,0.0021
0.8,0.0,0.0063
0.8,0.0,0.0
0.8,0.0,0.0021
0.8,0.0,0.0
0.8,0.0,0.0
0.8,0.0,0.0021
0.9,0.111,0.0037
0.9,0.0,0.0056
0.8,0.0,0.0125
0.7,0.0,0.0071
0.7,0.0,0.0143
0.8,0.125,0.0146
0.8,0.0,0.0208
0.7,0.0,0.0143
0.7,0.0,0.0214
0.8,0.125,0.0208
0.7,0.0,0.0095
0.7,0.0,0.0024
0.7,0.0,0.0
0.7,0.0,0.0
0.7,0.0,0.0
0.7,0.0,0.0024
0.7,0.0,0.0
0.7,0.0,0.0024
0.7,0.0,0.0
1.0,0.3,0.02
1.0,0.0,0.0117
1.0,0.0,0.0183
0.9,0.0,0.013
0.9,0.111,0.0074
0.9,0.0,0.0074
0.9,0.0,0.0111
0.9,0.0,0.0111
0.8,0.0,0.0063
1.0,0.273,0.0015
1.0,0.0,0.0061
1.0,0.0,0.0091
1.0,0.0,0.0121
1.0,0.0,0.01
1.0,0.091,0.0015
1.0,0.0,0.0061
1.0,0.0,0.0076
1.0,0.0,0.0233
1.0,0.182,0.0121
1.0,0.0,0.0121
1.0,0.0,0.0121
1.0,0.0,0.0152
1.0,0.0,0.0015
1.0,0.0,0.0009
1.0,0.0,0.0003
1.0,0.0,0.0008
1.0,0.0,0.0006
1.0,0.0,0.0003
1.0,0.0,0.0002
1.0,0.0,0.0002
1.0,0.0,0.0018
1.0,0.0,0.0007
1.0,0.0,0.0007
1.0,0.0,0.0005
1.0,0.0,0.0005
1.0,0.0,0.0003
1.0,0.0,0.0005
1.0,0.0,0.0005
1.0,0.0,0.0033
1.0,0.0,0.0
1.0,0.0,0.0033
1.0,0.0,0.0
1.0,0.0,0.0033
1.0,0.0,0.0083
0.9,0.0,0.0056
0.9,0.0,0.0056
1.0,0.1,0.005
1.0,0.0,0.0067
1.0,0.0,0.0083
1.0,0.0,0.0083
1.0,0.0,0.0067
1.0,0.0,0.0017
1.0,0.0,0.0017
1.0,0.0,0.0067
1.0,0.0,0.005
0.9,0.0,0.0037
1.0,0.182,0.0
1.0,0.0,0.0061
1.0,0.0,0.0227
1.0,0.0,0.0182
1.0,0.0,0.015
1.0,0.091,0.0009
1.0,0.0,0.0012
1.0,0.0,0.0136
1.0,0.0,0.0117
1.0,0.091,0.0106
1.0,0.0,0.005
1.0,0.0,0.0
1.0,0.0,0.0017
1.0,0.0,0.0
1.0,0.0,0.0017
1.0,0.0,0.0
1.0,0.0,0.0017
1.0,0.0,0.0017
0.9,0.0,0.0
1.0,0.1,0.0017
0.9,0.0,0.0
0.9,0.0,0.0
0.9,0.0,0.0
0.9,0.0,0.0
0.9,0.111,0.0019
0.9,0.111,0.0
0.9,0.0,0.0
1.0,0.1,0.0
0.9,0.0,0.0
1.0,0.1,0.0
0.9,0.0,0.0
0.9,0.0,0.0
1.0,0.1,0.0
1.0,0.0,0.0
0.9,0.0,0.0
1.0,0.1,0.0
1.0,0.0,0.0
1.0,0.091,0.0006
1.0,0.0,0.0002
1.0,0.0,0.0003
1.0,0.0,0.0005
0.9,0.0,0.0006
0.9,0.0,0.0
0.9,0.0,0.0
1.0,0.0,0.0003
0.9,0.0,0.0
0.8,0.0,0.0
0.8,0.125,0.0
0.9,0.111,0.0
0.9,0.0,0.0019
0.9,0.0,0.0007
0.9,0.0,0.0004
0.9,0.0,0.0093
0.8,0.0,0.0021
0.7,0.0,0.0
0.8,0.125,0.0002
0.7,0.0,0.0
0.8,0.125,0.0
0.7,0.0,0.0
0.8,0.0,0.0
0.8,0.0,0.0
0.7,0.0,0.0
0.7,0.0,0.0
0.8,0.0,0.0
0.7,0.0,0.0167
0.8,0.0,0.0167
0.7,0.0,0.0119
0.8,0.125,0.0167
0.8,0.0,0.0167
0.8,0.0,0.0125
0.8,0.0,0.0
0.8,0.0,0.0
0.8,0.0,0.0
0.8,0.0,0.0
0.7,0.0,0.0
0.8,0.0,0.0
0.7,0.0,0.0
0.8,0.0,0.0
0.7,0.0,0.0
0.8,0.125,0.0
0.7,0.0,0.0
0.8,0.125,0.0
0.8,0.0,0.0
0.7,0.0,0.0
0.8,0.125,0.0
0.8,0.0,0.0
0.8,0.0,0.0
0.8,0.0,0.0
0.8,0.0,0.0
0.8,0.0,0.0
0.8,0.0,0.0
0.8,0.0,0.0
0.8,0.0,0.0
0.9,0.111,0.0019
0.8,0.0,0.0
0.9,0.0,0.0006
0.8,0.0,0.0008
0.7,0.0,0.0002
0.7,0.0,0.0024
0.8,0.0,0.0002
0.7,0.0,0.0
0.8,0.125,0.0008
0.7,0.0,0.0002
0.7,0.0,0.0048
0.7,0.0,0.0048
0.7,0.0,0.0048
0.7,0.0,0.0071
0.7,0.0,0.0005
0.7,0.0,0.0048
0.7,0.0,0.0071
0.7,0.0,0.0119
0.7,0.0,0.0119
0.7,0.0,0.0167
0.8,0.125,0.0167
0.7,0.0,0.0048
0.7,0.0,0.0024
0.7,0.0,0.0048
0.7,0.0,0.0
0.7,0.0,0.0024
0.7,0.0,0.0
0.7,0.0,0.0048
0.6,0.0,0.0
0.8,0.25,0.0063
0.8,0.0,0.0063
0.7,0.0,0.0119
0.7,0.0,0.0167
0.7,0.0,0.0119
0.7,0.0,0.0071
0.7,0.0,0.0024
0.7,0.0,0.0119
0.6,0.0,0.0
0.7,0.143,0.0048
0.7,0.0,0.0071
0.7,0.0,0.0071
0.7,0.0,0.0167
0.7,0.0,0.0
0.7,0.0,0.0
0.7,0.0,0.0048
0.7,0.0,0.0024
0.7,0.0,0.0119
0.7,0.0,0.0071
0.9,0.222,0.0259
0.9,0.0,0.0259
0.9,0.0,0.0296
0.8,0.0,0.0271
0.7,0.0,0.0214
0.9,0.222,0.0241
0.9,0.0,0.0241
0.8,0.0,0.0292
0.7,0.0,0.0167
0.8,0.125,0.0015
0.7,0.0,0.0017
0.8,0.125,0.0229
0.7,0.0,0.0167
0.7,0.0,0.0214
0.8,0.0,0.0146
0.7,0.0,0.019
0.8,0.0,0.0167
0.8,0.0,0.0312
0.8,0.0,0.0312
0.9,0.222,0.0093
0.8,0.0,0.0167
0.8,0.0,0.0125
0.7,0.0,0.0071
0.9,0.222,0.013
0.9,0.0,0.013
0.9,0.0,0.013
0.8,0.0,0.0104
0.7,0.0,0.0024
0.7,0.0,0.0095
0.8,0.0,0.0021
0.7,0.0,0.0024
0.8,0.0,0.0021
0.7,0.0,0.0024
0.8,0.125,0.0021
0.7,0.0,0.0024
0.8,0.125,0.0187
0.7,0.0,0.019
0.8,0.125,0.0187
0.9,0.111,0.0111
0.8,0.0,0.0083
0.9,0.111,0.0148
0.8,0.0,0.0042
0.7,0.0,0.0048
0.9,0.222,0.0111
0.8,0.0,0.0083
0.8,0.0,0.0083
0.7,0.0,0.0
0.8,0.125,0.0008
0.7,0.0,0.0
0.8,0.0,0.0004
0.8,0.0,0.0
0.7,0.0,0.0007
0.7,0.0,0.0012
0.8,0.0,0.001
0.7,0.0,0.0012
0.8,0.125,0.0104
0.7,0.0,0.0119
1.0,0.0,0.0133
0.9,0.0,0.0111
0.8,0.0,0.0063
0.7,0.0,0.0048
0.6,0.0,0.0
0.9,0.0,0.0074
0.9,0.0,0.0074
0.8,0.0,0.0125
0.7,0.0,0.0048
0.6,0.0,0.0222
0.7,0.0,0.0143
0.7,0.0,0.0167
0.6,0.0,0.0111
0.6,0.0,0.0111
0.6,0.0,0.0111
0.6,0.0,0.0056
0.6,0.0,0.0111
0.6,0.0,0.0111
0.6,0.0,0.0056
0.8,0.25,0.0063
0.8,0.0,0.0104
0.7,0.0,0.0
0.7,0.143,0.0024
0.8,0.125,0.0083
0.8,0.0,0.0002
0.7,0.0,0.0005
0.8,0.0,0.0008
0.7,0.0,0.0005
0.9,0.222,0.0006
0.8,0.0,0.0008
0.8,0.0,0.0008
0.8,0.0,0.0013
0.7,0.0,0.001
0.8,0.125,0.001
0.7,0.0,0.0012
0.6,0.0,0.0006
0.7,0.0,0.0119
0.6,0.0,0.0056
0.8,0.25,0.0083
0.8,0.0,0.0125
0.7,0.0,0.0
0.7,0.143,0.0071
0.8,0.0,0.0021
0.7,0.0,0.0
0.8,0.125,0.0042
0.7,0.0,0.0071
0.8,0.0,0.0083
0.8,0.0,0.0125
0.7,0.0,0.0095
0.6,0.0,0.0083
0.6,0.0,0.0083
0.6,0.0,0.0139
0.6,0.0,0.0139
0.6,0.0,0.0194
0.6,0.0,0.025
0.5,0.0,0.0
0.7,0.0,0.0048
0.7,0.0,0.0048
0.7,0.0,0.0048
0.6,0.0,0.0056
0.6,0.0,0.0
0.6,0.167,0.0028
0.6,0.0,0.0
0.7,0.143,0.0143
0.7,0.0,0.0167
0.6,0.0,0.0222
0.7,0.143,0.0071
0.7,0.0,0.0048
0.7,0.0,0.0119
0.7,0.0,0.0143
0.7,0.0,0.0214
0.7,0.0,0.0238
0.7,0.0,0.031
0.7,0.0,0.0357
0.7,0.0,0.0476
0.7,0.0,0.0524
0.8,0.125,0.0458
0.8,0.0,0.05
0.7,0.0,0.0333
0.7,0.0,0.0357
0.7,0.0,0.0381
0.7,0.0,0.0381
0.6,0.0,0.0028
0.6,0.0,0.0056
0.8,0.0,0.0
0.9,0.0,0.0111
0.8,0.0,0.0167
0.7,0.0,0.0119
0.7,0.0,0.0262
0.7,0.0,0.0238
0.8,0.0,0.0208
0.7,0.0,0.0119
0.7,0.0,0.0262
0.6,0.0,0.0167
0.6,0.0,0.025
0.6,0.0,0.0194
0.6,0.0,0.0194
0.6,0.0,0.025
0.6,0.0,0.025
0.6,0.0,0.0306
0.6,0.0,0.0306
0.6,0.0,0.0361
0.6,0.0,0.0361
0.5,0.0,0.0167
0.5,0.0,0.0067
0.5,0.0,0.0167
0.5,0.0,0.0067
0.5,0.0,0.01
0.5,0.0,0.0067
0.5,0.0,0.0017
0.5,0.0,0.0067
0.5,0.0,0.0167
0.5,0.0,0.0067
0.5,0.0,0.0033
0.7,0.0,0.0095
0.7,0.0,0.019
0.7,0.0,0.019
0.7,0.0,0.0214
0.7,0.0,0.0048
0.7,0.0,0.0048
0.7,0.0,0.0012
0.7,0.0,0.0119
0.7,0.0,0.0381
0.8,0.0,0.0375
0.7,0.0,0.031
0.7,0.0,0.0357
0.7,0.0,0.0452
0.7,0.0,0.0476
0.7,0.0,0.0405
0.7,0.0,0.0357
0.7,0.0,0.0043
0.7,0.0,0.0476
0.7,0.0,0.0619
0.7,0.0,0.0571
0.7,0.0,0.0714
0.7,0.0,0.0067
0.7,0.0,0.081
0.7,0.0,0.0762
0.7,0.0,0.0905
0.7,0.0,0.0833
0.7,0.0,0.1024
0.7,0.0,0.0105
0.7,0.0,0.1024
0.7,0.0,0.1095
0.6,0.0,0.0556
0.6,0.0,0.0611
0.6,0.0,0.0611
0.6,0.0,0.0722
0.6,0.0,0.0722
0.6,0.0,0.0833
0.6,0.0,0.0833
0.6,0.0,0.0944
0.6,0.0,0.0944
0.6,0.0,0.1
0.6,0.0,0.1056
0.6,0.0,0.1167
0.6,0.0,0.1167
0.6,0.0,0.1278
0.5,0.0,0.0633
0.4,0.0,0.0083
0.3,0.0,0.0167
0.4,0.0,0.0083
0.4,0.0,0.0167
0.4,0.0,0.0083
0.3,0.0,0.0167
0.3,0.0,0.0056
0.4,0.0,0.0083
0.4,0.0,0.0
0.5,0.0,0.0013
0.4,0.0,0.0008
0.4,0.0,0.0025
0.6,0.333,0.0006
0.6,0.0,0.0022
0.6,0.0,0.0056
0.6,0.0,0.0222
0.6,0.0,0.0194
0.6,0.0,0.0333
0.6,0.0,0.0222
0.6,0.0,0.0333
0.6,0.0,0.0333
0.6,0.0,0.0444
0.6,0.0,0.0444
0.6,0.0,0.0333
0.6,0.0,0.05
0.6,0.0,0.0444
0.6,0.0,0.0611
0.6,0.0,0.0556
0.6,0.0,0.0722
0.6,0.0,0.0833
0.6,0.0,0.0778
0.6,0.0,0.0944
0.6,0.0,0.0889
0.6,0.0,0.0106
0.6,0.0,0.1
0.6,0.0,0.1139
0.6,0.0,0.1111
0.6,0.0,0.1278
0.5,0.0,0.0533
0.8,0.5,0.0021
0.8,0.0,0.0063
0.8,0.0,0.0167
0.7,0.0,0.0143
0.7,0.0,0.0017
0.8,0.125,0.0021
0.8,0.0,0.0083
0.7,0.0,0.0095
0.7,0.0,0.0071
0.8,0.125,0.0083
0.8,0.0,0.0042
0.8,0.0,0.0271
0.7,0.0,0.0167
0.7,0.0,0.0214
0.7,0.0,0.0095
0.7,0.0,0.0143
0.7,0.0,0.0143
0.7,0.0,0.019
0.7,0.0,0.0143
0.7,0.0,0.0143
0.7,0.0,0.0019
0.6,0.0,0.0
0.6,0.0,0.0028
0.6,0.0,0.0111
0.6,0.0,0.0111
0.6,0.0,0.0111
0.6,0.0,0.0139
0.6,0.0,0.0111
0.8,0.25,0.0125
0.8,0.0,0.0187
0.8,0.0,0.0021
0.8,0.0,0.0125
0.8,0.0,0.0063
0.7,0.0,0.0024
0.7,0.0,0.0
0.7,0.0,0.0048
0.7,0.0,0.0119
0.7,0.0,0.0048
0.7,0.0,0.0095
0.7,0.0,0.0048
0.7,0.0,0.0095
0.7,0.0,0.0
0.7,0.0,0.0095
0.7,0.0,0.0
0.7,0.0,0.0095
0.7,0.0,0.0
0.8,0.125,0.0167
0.8,0.0,0.0167
0.7,0.0,0.0143
0.7,0.0,0.0119
0.7,0.0,0.019
0.7,0.0,0.0071
0.7,0.0,0.0238
0.7,0.0,0.0167
0.7,0.0,0.0
0.7,0.0,0.0119
0.7,0.0,0.0
0.7,0.0,0.0286
0.7,0.0,0.0167
0.7,0.0,0.0333
0.7,0.0,0.0119
0.7,0.0,0.0286
0.7,0.0,0.0095
0.7,0.0,0.0071
0.7,0.0,0.0071
0.7,0.0,0.0095
0.7,0.0,0.0119
0.7,0.0,0.0167
0.7,0.0,0.0167
0.7,0.0,0.0405
0.7,0.0,0.0429
0.7,0.0,0.0357
0.7,0.0,0.0524
0.7,0.0,0.0452
0.7,0.0,0.0262
0.7,0.0,0.0238
0.7,0.0,0.0357
0.7,0.0,0.0381
0.7,0.0,0.05
0.7,0.0,0.0571
0.7,0.0,0.0548
0.7,0.0,0.0714
0.7,0.0,0.069
1.0,0.3,0.0567
0.9,0.0,0.0426
0.8,0.0,0.0271
0.7,0.0,0.0071
0.7,0.0,0.0143
0.7,0.0,0.0
0.7,0.0,0.0071
0.7,0.0,0.0214
0.7,0.0,0.0143
0.9,0.222,0.0015
0.8,0.0,0.0008
0.8,0.0,0.0013
0.8,0.0,0.0013
0.7,0.0,0.001
0.8,0.125,0.0002
0.8,0.0,0.0008
0.8,0.0,0.0004
0.8,0.0,0.0008
0.7,0.0,0.0017
0.8,0.125,0.0187
0.8,0.0,0.0187
0.8,0.0,0.0229
0.7,0.0,0.0167
0.8,0.125,0.0063
0.8,0.0,0.0083
0.8,0.0,0.0042
0.8,0.0,0.0083
0.7,0.0,0.0
0.7,0.0,0.0024
0.7,0.0,0.0024
0.7,0.0,0.0
0.7,0.0,0.0024
0.7,0.0,0.0048
0.7,0.0,0.0024
0.7,0.0,0.0048
0.7,0.0,0.0071
0.7,0.0,0.0048
0.9,0.222,0.0093
0.8,0.0,0.0042
0.8,0.0,0.0063
0.8,0.0,0.0083
0.7,0.0,0.0143
0.8,0.125,0.0104
0.8,0.0,0.0167
0.8,0.0,0.0229
0.7,0.0,0.0286
1.0,0.3,0.0133
0.9,0.0,0.013
0.8,0.0,0.0125
0.8,0.0,0.0187
0.7,0.0,0.0214
0.7,0.0,0.0238
0.7,0.0,0.031
0.7,0.0,0.05
0.7,0.0,0.0571
0.7,0.0,0.0595
0.7,0.0,0.0643
0.7,0.0,0.069
0.7,0.0,0.0643
0.7,0.0,0.0786
0.7,0.0,0.0714
0.7,0.0,0.081
0.7,0.0,0.081
0.7,0.0,0.0905
0.7,0.0,0.1
0.7,0.0,0.0105
0.7,0.0,0.1071
0.7,0.0,0.1143
0.7,0.0,0.1167
0.7,0.0,0.1238
0.7,0.0,0.1262
0.7,0.0,0.0129
0.7,0.0,0.1381
0.7,0.0,0.0138
0.7,0.0,0.0762
0.7,0.0,0.0929
0.7,0.0,0.1
0.7,0.0,0.0976
0.7,0.0,0.1095
0.7,0.0,0.0952
0.7,0.0,0.0107
0.6,0.0,0.0017
0.6,0.0,0.0222
0.6,0.0,0.0222
0.6,0.0,0.0306
0.6,0.0,0.0333
0.6,0.0,0.0222
0.6,0.0,0.0333
0.6,0.0,0.0333
0.6,0.0,0.0361
0.6,0.0,0.0361
0.6,0.0,0.0417
0.6,0.0,0.0417
0.9,0.333,0.0296
0.8,0.0,0.0104
0.8,0.0,0.0125
0.8,0.0,0.0125
0.7,0.0,0.0143
0.8,0.125,0.0083
0.8,0.0,0.0208
0.8,0.0,0.0167
0.7,0.0,0.0238
0.7,0.0,0.0167
0.9,0.222,0.0185
0.8,0.0,0.0042
0.8,0.0,0.0104
0.8,0.0,0.0083
0.7,0.0,0.0071
0.8,0.125,0.0063
0.8,0.0,0.0146
0.7,0.0,0.0071
0.7,0.0,0.0143
0.8,0.125,0.0104
0.8,0.0,0.0167
0.7,0.0,0.0
0.7,0.0,0.0024
0.7,0.0,0.0
0.7,0.0,0.0
0.7,0.0,0.0
0.7,0.0,0.0048
0.7,0.0,0.0
0.7,0.0,0.0048
0.8,0.125,0.0
0.8,0.0,0.0063
0.8,0.0,0.0042
0.7,0.0,0.0238
0.7,0.0,0.0214
0.8,0.125,0.0063
0.8,0.0,0.0187
0.8,0.0,0.0146
0.8,0.0,0.0271
0.7,0.0,0.0119
0.8,0.125,0.0125
0.8,0.0,0.0083
0.8,0.0,0.0125
0.7,0.0,0.0048
0.7,0.0,0.0167
0.7,0.0,0.0024
0.7,0.0,0.0048
0.7,0.0,0.0024
0.7,0.0,0.0024
0.8,0.125,0.0
0.8,0.0,0.0042
0.8,0.0,0.0063
0.8,0.0,0.0146
0.7,0.0,0.0119
0.8,0.125,0.0083
0.8,0.0,0.0013
0.7,0.0,0.0012
0.7,0.0,0.0143
0.7,0.0,0.0214
0.7,0.0,0.0119
0.7,0.0,0.019
0.7,0.0,0.0214
0.7,0.0,0.0452
0.7,0.0,0.0405
0.7,0.0,0.0452
0.7,0.0,0.0476
0.7,0.0,0.0548
0.7,0.0,0.0571
0.7,0.0,0.0643
0.7,0.0,0.0667
0.7,0.0,0.0074
0.7,0.0,0.0762
0.6,0.0,0.0444
0.6,0.0,0.0417
0.6,0.0,0.0472
0.6,0.0,0.0556
0.6,0.0,0.05
0.6,0.0,0.0556
0.6,0.0,0.0556
0.7,0.143,0.0024
0.7,0.0,0.0048
0.7,0.0,0.0119
0.7,0.0,0.0143
0.6,0.0,0.0139
0.6,0.0,0.0139
0.6,0.0,0.0194
0.6,0.0,0.0194
0.6,0.0,0.025
0.7,0.143,0.0
0.7,0.0,0.0024
0.7,0.0,0.0
0.7,0.0,0.0024
0.7,0.0,0.0048
0.7,0.0,0.019
0.7,0.0,0.0071
0.7,0.0,0.0119
0.7,0.0,0.0119
0.7,0.0,0.0167
0.8,0.125,0.0146
0.7,0.0,0.0095
0.7,0.0,0.0095
0.7,0.0,0.0143
0.7,0.0,0.0014
0.7,0.0,0.0048
0.7,0.0,0.0048
0.7,0.0,0.0119
0.7,0.0,0.0119
0.7,0.0,0.0214
0.7,0.0,0.019
0.7,0.0,0.0214
0.7,0.0,0.019
0.7,0.0,0.019
0.7,0.0,0.0214
0.7,0.0,0.0238
0.7,0.0,0.0286
0.7,0.0,0.0286
0.7,0.0,0.0333
1.0,0.3,0.0267
0.9,0.0,0.0037
0.9,0.0,0.0037
0.9,0.0,0.0074
0.8,0.0,0.0
0.9,0.111,0.0019
0.9,0.0,0.0019
0.9,0.0,0.0056
0.8,0.0,0.0167
0.8,0.0,0.0146
0.9,0.111,0.0204
0.9,0.0,0.0056
0.9,0.0,0.0037
0.9,0.0,0.0056
0.9,0.0,0.0
0.9,0.0,0.0037
0.9,0.0,0.0056
0.9,0.0,0.0111
0.8,0.0,0.0104
0.7,0.0,0.0024
0.8,0.125,0.0021
0.8,0.0,0.0063
0.8,0.0,0.0063
0.7,0.0,0.0024
0.7,0.0,0.0
0.8,0.125,0.0021
0.8,0.0,0.0021
0.8,0.0,0.0006
0.8,0.0,0.0006
0.7,0.0,0.0002
0.7,0.0,0.0
0.7,0.0,0.0024
0.7,0.0,0.0
0.7,0.0,0.0024
0.7,0.0,0.0
0.7,0.0,0.0024
0.7,0.0,0.0
0.7,0.0,0.0024
0.7,0.0,0.0
0.7,0.0,0.0
0.7,0.0,0.0071
0.7,0.0,0.0048
0.7,0.0,0.0119
0.7,0.0,0.001
0.7,0.0,0.0143
0.7,0.0,0.0143
0.7,0.0,0.0214
0.6,0.0,0.0
0.6,0.0,0.0028
0.7,0.143,0.0024
0.7,0.0,0.0095
0.7,0.0,0.0071
0.7,0.0,0.019
0.7,0.0,0.0119
0.7,0.0,0.0048
0.7,0.0,0.0048
0.7,0.0,0.0119
0.7,0.0,0.0095
0.7,0.0,0.0167
0.7,0.0,0.0
0.7,0.0,0.0024
0.7,0.0,0.0
0.7,0.0,0.0024
0.7,0.0,0.0
0.7,0.0,0.0024
0.7,0.0,0.0
0.7,0.0,0.0024
0.7,0.0,0.0
0.8,0.125,0.0021
0.8,0.0,0.0
0.8,0.0,0.0021
0.8,0.0,0.0
0.8,0.0,0.0021
0.8,0.0,0.0042
0.8,0.0,0.0042
0.8,0.0,0.0042
0.8,0.0,0.0042
0.8,0.0,0.0104
0.8,0.0,0.0104
0.8,0.0,0.0083
0.8,0.0,0.0083
0.8,0.0,0.0083
0.8,0.0,0.0083
0.8,0.0,0.0063
0.8,0.0,0.0083
0.8,0.0,0.0063
0.8,0.0,0.0083
0.8,0.0,0.001
0.9,0.111,0.0006
1.0,0.182,0.0009
1.0,0.0,0.0008
0.9,0.0,0.0009
0.9,0.0,0.0011
1.0,0.1,0.0018
0.9,0.0,0.0013
0.8,0.0,0.0008
0.7,0.0,0.0
0.8,0.125,0.0021
0.8,0.0,0.0042
0.8,0.0,0.0063
0.8,0.0,0.0063
0.7,0.0,0.0048
0.7,0.0,0.0
0.7,0.0,0.0048
0.7,0.0,0.019
0.7,0.0,0.0214
0.7,0.0,0.0167
0.9,0.222,0.0204
0.9,0.0,0.0185
0.9,0.0,0.0204
0.9,0.0,0.0074
0.9,0.0,0.0056
0.9,0.0,0.0037
0.9,0.0,0.0037
0.9,0.0,0.0056
0.9,0.0,0.0019
0.9,0.0,0.0037
0.9,0.0,0.0037
0.9,0.0,0.0056
0.9,0.0,0.0037
0.9,0.0,0.0056
0.9,0.0,0.0093
0.9,0.0,0.0111
0.8,0.0,0.0021
0.8,0.0,0.0063
0.8,0.0,0.0063
0.9,0.111,0.0037
1.0,0.182,0.003
1.0,0.0,0.0076
1.0,0.0,0.0061
1.0,0.0,0.0067
1.0,0.091,0.0
1.0,0.0,0.003
1.0,0.0,0.0015
1.0,0.0,0.0076
1.0,0.0,0.0045
1.0,0.154,0.0205
1.0,0.0,0.0179
1.0,0.0,0.0231
1.0,0.0,0.0167
1.0,0.0,0.0208
1.0,0.077,0.0064
1.0,0.0,0.0064
1.0,0.0,0.009
1.0,0.0,0.0042
1.0,0.0,0.0056
1.0,0.077,0.0051
1.0,0.0,0.0064
1.0,0.0,0.0026
1.0,0.0,0.0013
1.0,0.0,0.0013
1.0,0.0,0.0026
1.0,0.0,0.0013
1.0,0.0,0.0026
1.0,0.0,0.0013
1.0,0.0,0.0026
1.0,0.0,0.0
1.0,0.0,0.0038
1.0,0.0,0.0013
1.0,0.0,0.0218
1.0,0.0,0.0205
1.0,0.0,0.0194
1.0,0.0,0.0167
1.0,0.0,0.0208
1.0,0.0,0.0194
1.0,0.0,0.0197
1.0,0.0,0.0167
1.0,0.0,0.0197
1.0,0.0,0.0197
1.0,0.0,0.0182
1.0,0.0,0.0182
1.0,0.0,0.0197
1.0,0.0,0.0091
1.0,0.0,0.0067
1.0,0.0,0.0083
0.9,0.0,0.0056
0.9,0.0,0.0056
0.9,0.0,0.0056
0.9,0.0,0.0056
0.9,0.0,0.0037
0.9,0.0,0.0037
0.9,0.0,0.0074
0.9,0.0,0.0074
0.8,0.0,0.0042
0.8,0.0,0.0
0.8,0.0,0.0042
0.8,0.0,0.0021
0.8,0.0,0.0042
0.8,0.0,0.0021
0.8,0.0,0.0
0.8,0.0,0.0
0.8,0.0,0.0187
0.8,0.0,0.0187
0.8,0.0,0.0229
0.8,0.0,0.0167
0.8,0.0,0.0208
0.8,0.0,0.0167
0.8,0.0,0.0229
0.8,0.0,0.0208
0.7,0.0,0.0143
0.7,0.0,0.0143
0.7,0.0,0.019
0.7,0.0,0.019
0.7,0.0,0.0238
0.7,0.0,0.0167
0.7,0.0,0.0214
0.7,0.0,0.0262
0.7,0.0,0.031
0.7,0.0,0.0357
0.7,0.0,0.0405
0.7,0.0,0.0452
0.7,0.0,0.05
0.7,0.0,0.0548
0.7,0.0,0.0595
0.8,0.125,0.0583
0.7,0.0,0.0286
1.0,0.3,0.0233
1.0,0.0,0.0283
0.9,0.0,0.0148
0.8,0.0,0.0229
0.7,0.0,0.019
0.7,0.0,0.0238
0.7,0.0,0.0286
0.7,0.0,0.0333
0.6,0.0,0.025
0.6,0.0,0.025
0.6,0.0,0.0306
0.6,0.0,0.0306
0.6,0.0,0.0333
0.6,0.0,0.0361
0.6,0.0,0.0417
0.6,0.0,0.0389
0.6,0.0,0.0472
0.7,0.143,0.0452
0.7,0.0,0.0452
0.7,0.0,0.05
0.7,0.0,0.0548
0.7,0.0,0.0595
0.7,0.0,0.05
0.7,0.0,0.0548
0.7,0.0,0.0595
0.7,0.0,0.0643
0.7,0.0,0.069
0.8,0.125,0.0667
0.7,0.0,0.0143
0.7,0.0,0.019
0.7,0.0,0.019
0.7,0.0,0.0214
0.7,0.0,0.0238
0.7,0.0,0.031
0.7,0.0,0.0357
0.7,0.0,0.0452
0.7,0.0,0.0262
0.7,0.0,0.0286
0.7,0.0,0.0333
0.7,0.0,0.0381
0.7,0.0,0.0429
0.7,0.0,0.0476
0.7,0.0,0.05
0.7,0.0,0.0548
0.7,0.0,0.0595
0.7,0.0,0.0643
0.8,0.125,0.0625
0.7,0.0,0.0405
0.7,0.0,0.0452
0.7,0.0,0.05
0.7,0.0,0.0548
0.7,0.0,0.0452
0.7,0.0,0.05
0.7,0.0,0.0548
0.7,0.0,0.0595
0.7,0.0,0.0643
0.7,0.0,0.069
0.7,0.0,0.0738
0.7,0.0,0.0786
0.7,0.0,0.0833
0.7,0.0,0.0881
0.7,0.0,0.0929
0.7,0.0,0.0976
0.7,0.0,0.1024
0.7,0.0,0.1071
0.7,0.0,0.119
0.7,0.0,0.1238
0.7,0.0,0.1286
0.7,0.0,0.0138
0.7,0.0,0.1405
0.7,0.0,0.0148
0.7,0.0,0.1476
0.7,0.0,0.0152
0.7,0.0,0.1571
0.7,0.0,0.0162
0.7,0.0,0.1667
0.7,0.0,0.0171
0.7,0.0,0.1738
0.7,0.0,0.0179
0.7,0.0,0.1833
0.7,0.0,0.0188
0.7,0.0,0.1929
0.7,0.0,0.0198
0.7,0.0,0.2048
0.7,0.0,0.0207
0.7,0.0,0.1333
0.7,0.0,0.0136
0.7,0.0,0.1429
0.7,0.0,0.0145
0.7,0.0,0.1476
0.7,0.0,0.0143
0.6,0.0,0.0056
0.6,0.0,0.0083
0.6,0.0,0.0
0.8,0.25,0.0187
0.8,0.0,0.0146
0.7,0.0,0.0
0.7,0.0,0.0048
0.7,0.0,0.0
0.7,0.0,0.0024
0.7,0.0,0.0
0.7,0.0,0.0095
0.7,0.0,0.0095
0.7,0.0,0.019
0.8,0.125,0.0208
0.7,0.0,0.0238
0.7,0.0,0.019
0.6,0.0,0.0167
0.6,0.0,0.0056
0.6,0.0,0.0139
0.6,0.0,0.0056
0.6,0.0,0.0083
0.6,0.0,0.0
0.6,0.0,0.0083
0.9,0.333,0.0019
0.9,0.0,0.0074
0.9,0.0,0.0056
0.8,0.0,0.0042
0.8,0.0,0.0
0.9,0.111,0.0037
0.9,0.0,0.0056
0.9,0.0,0.0111
0.8,0.0,0.0063
0.9,0.222,0.0019
0.9,0.0,0.0037
0.9,0.0,0.0111
0.8,0.0,0.0083
0.8,0.0,0.0125
0.8,0.0,0.0167
0.9,0.111,0.0241
0.8,0.0,0.0187
0.7,0.0,0.019
0.7,0.0,0.0167
0.7,0.0,0.0262
0.7,0.0,0.0214
0.7,0.0,0.0286
0.7,0.0,0.0286
0.7,0.0,0.0357
0.7,0.0,0.0333
0.6,0.0,0.0194
0.6,0.0,0.0111
0.6,0.0,0.0222
0.6,0.0,0.0167
0.7,0.143,0.0167
0.7,0.0,0.0262
0.7,0.0,0.0262
0.7,0.0,0.0357
0.7,0.0,0.0357
0.7,0.0,0.0286
0.7,0.0,0.031
0.7,0.0,0.0381
0.7,0.0,0.0405
0.7,0.0,0.05
0.7,0.0,0.0119
0.7,0.0,0.0167
0.7,0.0,0.0167
0.7,0.0,0.0238
0.7,0.0,0.0381
0.7,0.0,0.031
0.7,0.0,0.0333
0.7,0.0,0.0381
0.7,0.0,0.0381
0.7,0.0,0.0429
0.7,0.0,0.0429
0.7,0.0,0.0524
0.7,0.0,0.05
0.7,0.0,0.0524
0.7,0.0,0.05
0.7,0.0,0.0571
0.7,0.0,0.0548
0.7,0.0,0.0619
0.7,0.0,0.0595
0.7,0.0,0.0095
0.7,0.0,0.0071
0.7,0.0,0.0143
0.7,0.0,0.0119
0.7,0.0,0.0143
0.7,0.0,0.0024
0.7,0.0,0.0048
0.7,0.0,0.0071
0.7,0.0,0.0143
0.7,0.0,0.0167
0.8,0.125,0.0104
0.7,0.0,0.0024
0.8,0.125,0.0083
0.8,0.0,0.0104
0.7,0.0,0.0095
0.8,0.125,0.0083
0.7,0.0,0.0024
0.7,0.0,0.0071
0.7,0.0,0.0143
0.7,0.0,0.0167
1.0,0.3,0.0317
0.9,0.0,0.0204
0.8,0.0,0.0125
0.7,0.0,0.0071
0.8,0.125,0.0063
0.8,0.0,0.0083
0.8,0.0,0.0125
0.8,0.0,0.0167
0.7,0.0,0.0143
0.9,0.222,0.0019
0.9,0.0,0.0111
0.9,0.0,0.0148
0.9,0.0,0.0185
0.8,0.0,0.0208
0.8,0.125,0.0021
0.8,0.0,0.0125
0.8,0.0,0.0104
0.8,0.0,0.0187
0.7,0.0,0.0119
1.0,0.3,0.0083
0.9,0.0,0.0074
0.9,0.0,0.013
0.9,0.0,0.0185
0.8,0.0,0.0187
0.8,0.125,0.0021
0.8,0.0,0.0063
0.8,0.0,0.0104
0.8,0.0,0.0146
0.7,0.0,0.0119
0.8,0.125,0.0292
0.7,0.0,0.0214
0.7,0.0,0.0095
0.7,0.0,0.0167
0.7,0.0,0.0143
0.7,0.0,0.0095
0.7,0.0,0.0071
0.7,0.0,0.0119
0.7,0.0,0.0119
0.8,0.125,0.0146
0.7,0.0,0.0048
0.7,0.0,0.0119
0.7,0.0,0.0143
0.7,0.0,0.0119
0.7,0.0,0.0119
0.7,0.0,0.0048
0.7,0.0,0.0071
0.7,0.0,0.0095
0.7,0.0,0.0119
0.8,0.125,0.0125
0.7,0.0,0.0048
0.7,0.0,0.0024
0.7,0.0,0.0048
0.7,0.0,0.0071
0.7,0.0,0.0024
0.7,0.0,0.0048
0.7,0.0,0.0071
0.7,0.0,0.0238
0.7,0.0,0.0167
0.7,0.0,0.019
0.7,0.0,0.0238
0.7,0.0,0.0238
0.7,0.0,0.0238
0.7,0.0,0.0262
0.7,0.0,0.0333
0.7,0.0,0.0333
0.7,0.0,0.0381
0.7,0.0,0.0381
0.8,0.125,0.0354
0.7,0.0,0.0071
0.7,0.0,0.0119
0.7,0.0,0.0119
0.7,0.0,0.0167
0.7,0.0,0.0048
0.7,0.0,0.0071
0.7,0.0,0.0048
0.7,0.0,0.0095
0.7,0.0,0.0095
0.8,0.125,0.0125
0.7,0.0,0.0024
0.7,0.0,0.0071
0.7,0.0,0.0071
0.7,0.0,0.0119
0.7,0.0,0.0
0.7,0.0,0.0048
0.7,0.0,0.0119
0.7,0.0,0.0119
0.7,0.0,0.0167
0.7,0.0,0.0167
0.7,0.0,0.0214
0.7,0.0,0.0214
0.7,0.0,0.0262
0.7,0.0,0.0262
0.7,0.0,0.031
0.7,0.0,0.031
0.7,0.0,0.0357
0.7,0.0,0.0357
0.7,0.0,0.0405
0.7,0.0,0.0429
0.7,0.0,0.0452
0.7,0.0,0.0429
0.7,0.0,0.0476
0.7,0.0,0.0476
0.7,0.0,0.0524
0.7,0.0,0.0524
0.7,0.0,0.0571
0.7,0.0,0.0571
0.7,0.0,0.0619
0.7,0.0,0.0619
0.7,0.0,0.0643
0.7,0.0,0.0667
0.7,0.0,0.0714
0.7,0.0,0.0762
0.7,0.0,0.0786
0.7,0.0,0.081
0.7,0.0,0.0833
0.7,0.0,0.0857
0.7,0.0,0.0929
0.7,0.0,0.0952
0.7,0.0,0.1024
0.7,0.0,0.1071
0.7,0.0,0.1119
0.7,0.0,0.1167
0.7,0.0,0.1214
0.7,0.0,0.1262
0.7,0.0,0.0129
0.7,0.0,0.1333
0.7,0.0,0.1405
0.7,0.0,0.0143
0.7,0.0,0.15
0.7,0.0,0.0152
0.7,0.0,0.1595
0.7,0.0,0.0162
0.7,0.0,0.169
0.7,0.0,0.0171
0.7,0.0,0.1786
0.8,0.125,0.0158
0.7,0.0,0.0052
0.7,0.0,0.0714
0.7,0.0,0.0643
0.7,0.0,0.0619
0.7,0.0,0.0643
0.7,0.0,0.0667
0.7,0.0,0.0714
0.7,0.0,0.0786
0.7,0.0,0.0081
0.7,0.0,0.0881
0.7,0.0,0.0905
0.7,0.0,0.0952
0.7,0.0,0.1
0.7,0.0,0.1071
0.7,0.0,0.1095
0.7,0.0,0.1167
0.7,0.0,0.119
0.7,0.0,0.1262
0.7,0.0,0.0129
0.7,0.0,0.1357
0.7,0.0,0.0138
0.7,0.0,0.1452
0.7,0.0,0.0148
0.6,0.0,0.0053
0.6,0.0,0.0528
0.6,0.0,0.0583
0.6,0.0,0.075
0.6,0.0,0.0778
0.6,0.0,0.075
0.6,0.0,0.0806
0.6,0.0,0.0806
0.6,0.0,0.0861
0.6,0.0,0.0861
0.6,0.0,0.0917
0.6,0.0,0.0972
0.6,0.0,0.0972
0.6,0.0,0.0972
0.6,0.0,0.0
0.6,0.0,0.0028
0.6,0.0,0.0056
0.6,0.0,0.0111
0.6,0.0,0.0111
0.6,0.0,0.0
0.6,0.0,0.0028
0.6,0.0,0.0139
0.6,0.0,0.0083
0.6,0.0,0.0111
0.6,0.0,0.0
0.6,0.0,0.0
0.6,0.0,0.0
0.6,0.0,0.0
0.6,0.0,0.0028
0.6,0.0,0.0167
0.6,0.0,0.0139
0.6,0.0,0.0139
0.6,0.0,0.0014
0.6,0.0,0.0194
0.6,0.0,0.0167
0.6,0.0,0.0194
0.6,0.0,0.0222
0.6,0.0,0.025
0.6,0.0,0.0278
0.6,0.0,0.0306
0.6,0.0,0.0333
0.6,0.0,0.0361
0.6,0.0,0.0389
0.7,0.143,0.0
0.7,0.0,0.0048
0.7,0.0,0.0048
0.7,0.0,0.0095
0.7,0.0,0.0095
0.7,0.0,0.0048
0.7,0.0,0.0024
0.7,0.0,0.0095
0.7,0.0,0.0071
0.7,0.0,0.0143
0.7,0.0,0.0286
0.7,0.0,0.0357
0.7,0.0,0.0333
0.7,0.0,0.0405
0.7,0.0,0.0429
0.7,0.0,0.0476
0.7,0.0,0.0524
0.7,0.0,0.0595
0.7,0.0,0.0619
0.8,0.125,0.0542
0.7,0.0,0.0286
0.7,0.0,0.031
0.7,0.0,0.0333
0.7,0.0,0.0357
0.7,0.0,0.0381
0.7,0.0,0.0405
0.7,0.0,0.05
0.7,0.0,0.0452
0.7,0.0,0.0476
0.7,0.0,0.05
0.7,0.0,0.0524
0.7,0.0,0.0595
0.7,0.0,0.0619
0.7,0.0,0.0595
0.7,0.0,0.0667
0.7,0.0,0.0857
0.7,0.0,0.0976
0.7,0.0,0.0952
0.7,0.0,0.1024
0.9,0.222,0.0852
0.8,0.0,0.0396
0.7,0.0,0.0262
0.7,0.0,0.0333
0.7,0.0,0.0357
0.7,0.0,0.0167
0.7,0.0,0.0214
0.7,0.0,0.0262
0.7,0.0,0.031
0.9,0.222,0.0093
0.8,0.0,0.0083
0.8,0.0,0.0083
0.8,0.0,0.0167
0.7,0.0,0.0095
0.8,0.125,0.0
0.8,0.0,0.0042
0.8,0.0,0.0125
0.8,0.0,0.0125
0.7,0.0,0.0143
0.9,0.222,0.0037
0.9,0.0,0.0074
0.8,0.0,0.0083
0.7,0.0,0.0024
0.7,0.0,0.0024
0.7,0.0,0.0024
0.7,0.0,0.0024
0.7,0.0,0.0024
0.7,0.0,0.0024
0.7,0.0,0.0071
0.7,0.0,0.0048
0.7,0.0,0.0024
0.7,0.0,0.0048
0.7,0.0,0.0071
0.7,0.0,0.0095
0.7,0.0,0.0119
0.7,0.0,0.0143
0.7,0.0,0.0167
0.7,0.0,0.019
0.7,0.0,0.0214
0.7,0.0,0.0238
0.7,0.0,0.0262
0.7,0.0,0.0286
0.7,0.0,0.031
0.7,0.0,0.0333
0.7,0.0,0.0357
0.7,0.0,0.0381
0.7,0.0,0.0405
0.7,0.0,0.05
0.9,0.222,0.0444
0.8,0.0,0.0125
0.8,0.0,0.0125
0.8,0.0,0.0167
0.8,0.0,0.0167
0.8,0.0,0.0125
0.8,0.0,0.0167
0.8,0.0,0.0208
0.7,0.0,0.0143
1.0,0.3,0.0033
1.0,0.0,0.0033
1.0,0.0,0.0033
1.0,0.0,0.0067
0.9,0.0,0.0
1.0,0.1,0.0
1.0,0.0,0.0
1.0,0.0,0.0033
1.0,0.0,0.005
1.0,0.0,0.0067
1.0,0.182,0.0
1.0,0.0,0.0061
1.0,0.0,0.0091
1.0,0.0,0.005
0.9,0.0,0.0019
0.9,0.0,0.0056
0.9,0.0,0.0074
0.9,0.0,0.0111
0.8,0.0,0.0083
0.8,0.0,0.001
0.9,0.111,0.0015
0.8,0.0,0.0006
0.8,0.0,0.0008
0.7,0.0,0.0
0.7,0.0,0.0
0.7,0.0,0.0
0.7,0.0,0.0
0.7,0.0,0.0
0.7,0.0,0.0
0.7,0.0,0.0
0.7,0.0,0.0002
0.7,0.0,0.0048
0.7,0.0,0.0071
0.7,0.0,0.0095
0.7,0.0,0.0214
0.7,0.0,0.0262
0.7,0.0,0.031
0.7,0.0,0.0357
0.7,0.0,0.0429
0.7,0.0,0.05
0.7,0.0,0.0524
0.7,0.0,0.0595
0.7,0.0,0.0619
0.7,0.0,0.069
0.7,0.0,0.0714
0.7,0.0,0.0738
0.7,0.0,0.081
0.7,0.0,0.0833
0.8,0.125,0.075
0.8,0.0,0.0813
0.7,0.0,0.0476
0.7,0.0,0.0524
0.7,0.0,0.0571
0.7,0.0,0.05
0.7,0.0,0.0548
0.7,0.0,0.0595
0.7,0.0,0.0643
0.7,0.0,0.069
0.8,0.125,0.0542
0.7,0.0,0.0048
0.7,0.0,0.0095
0.7,0.0,0.0119
0.7,0.0,0.0143
0.7,0.0,0.0143
0.7,0.0,0.0167
0.7,0.0,0.019
0.7,0.0,0.0238
0.7,0.0,0.0262
0.9,0.222,0.0241
0.8,0.0,0.0104
0.8,0.0,0.0104
0.7,0.0,0.0071
0.7,0.0,0.0024
0.8,0.125,0.0
0.8,0.0,0.0021
0.8,0.0,0.0063
0.8,0.0,0.0063
0.7,0.0,0.0024
0.7,0.0,0.0048
0.7,0.0,0.0071
0.7,0.0,0.0095
0.7,0.0,0.0119
0.7,0.0,0.0143
0.7,0.0,0.0167
0.7,0.0,0.0286
0.7,0.0,0.0286
0.7,0.0,0.0333
0.8,0.125,0.0292
0.7,0.0,0.0024
0.7,0.0,0.0024
0.7,0.0,0.0024
0.7,0.0,0.0024
0.7,0.0,0.0024
0.7,0.0,0.0024
0.7,0.0,0.0024
0.7,0.0,0.0024
0.9,0.222,0.0
0.9,0.0,0.0037
0.9,0.0,0.0074
0.9,0.0,0.0111
0.8,0.0,0.0083
0.9,0.111,0.0
0.9,0.0,0.0004
0.9,0.0,0.0009
0.9,0.0,0.0017
0.8,0.0,0.0015
0.9,0.222,0.0007
0.8,0.0,0.0002
0.8,0.0,0.0004
0.7,0.0,0.0017
0.7,0.0,0.0167
0.8,0.125,0.0021
0.8,0.0,0.0063
0.8,0.0,0.0104
0.8,0.0,0.0146
0.7,0.0,0.0119
0.7,0.0,0.0143
0.7,0.0,0.0167
0.7,0.0,0.019
0.7,0.0,0.0214
0.7,0.0,0.0238
0.7,0.0,0.0262
0.7,0.0,0.0286
0.7,0.0,0.0333
0.7,0.0,0.031
0.7,0.0,0.0333
0.7,0.0,0.0357
0.7,0.0,0.0381
0.7,0.0,0.0405
0.7,0.0,0.0429
0.7,0.0,0.0452
0.7,0.0,0.05
0.7,0.0,0.05
0.7,0.0,0.0524
0.7,0.0,0.0619
0.8,0.125,0.0583
0.7,0.0,0.0119
0.7,0.0,0.0119
0.7,0.0,0.0143
0.7,0.0,0.0167
0.7,0.0,0.0071
0.7,0.0,0.0071
0.7,0.0,0.0095
0.6,0.0,0.0028
0.6,0.0,0.0028
0.6,0.0,0.0028
0.6,0.0,0.0
0.6,0.0,0.0
0.6,0.0,0.0
0.6,0.0,0.0028
0.6,0.0,0.0028
0.6,0.0,0.0
0.6,0.0,0.0
0.6,0.0,0.0
0.6,0.0,0.0
0.6,0.0,0.0
0.6,0.0,0.0
0.6,0.0,0.0
0.6,0.0,0.0
0.6,0.0,0.0
0.6,0.0,0.0
0.6,0.0,0.0
0.6,0.0,0.0
0.6,0.0,0.0167
0.8,0.25,0.0167
0.8,0.0,0.0208
0.8,0.0,0.0208
0.7,0.0,0.019
0.7,0.0,0.0167
0.8,0.125,0.0083
0.8,0.0,0.0042
0.8,0.0,0.0104
0.8,0.0,0.0083
0.7,0.0,0.0071
0.9,0.222,0.0093
0.9,0.0,0.0148
0.9,0.0,0.0167
0.8,0.0,0.0167
0.7,0.0,0.0119
0.8,0.125,0.0125
0.8,0.0,0.0146
0.8,0.0,0.0187
0.7,0.0,0.0119
0.9,0.222,0.0074
0.9,0.0,0.0056
0.9,0.0,0.0111
0.9,0.0,0.0167
0.8,0.0,0.0167
0.9,0.111,0.0093
0.8,0.0,0.0021
0.8,0.0,0.0229
0.7,0.0,0.0214
0.7,0.0,0.0238
0.8,0.125,0.025
0.7,0.0,0.019
0.7,0.0,0.0167
0.7,0.0,0.019
0.7,0.0,0.0048
0.7,0.0,0.0
0.7,0.0,0.0
0.7,0.0,0.0024
0.7,0.0,0.0
0.7,0.0,0.0024
0.8,0.125,0.0021
0.8,0.0,0.0063
0.8,0.0,0.0
0.8,0.0,0.0042
0.8,0.0,0.0
0.8,0.0,0.0042
0.8,0.0,0.0042
0.8,0.0,0.0083
0.7,0.0,0.0
1.0,0.3,0.0017
1.0,0.0,0.0017
1.0,0.0,0.0
1.0,0.0,0.0183
1.0,0.0,0.0217
1.0,0.0,0.0167
1.0,0.0,0.0217
1.0,0.0,0.025
0.9,0.0,0.0241
0.8,0.0,0.0083
1.0,0.385,0.0051
1.0,0.0,0.0012
1.0,0.0,0.0014
1.0,0.0,0.0017
1.0,0.0,0.0012
1.0,0.167,0.0003
1.0,0.0,0.0007
1.0,0.0,0.0017
1.0,0.0,0.0014
1.0,0.0,0.0015
1.0,0.182,0.0011
1.0,0.0,0.001
1.0,0.0,0.001
0.9,0.0,0.0009
0.8,0.0,0.0
1.0,0.2,0.0002
1.0,0.0,0.0003
1.0,0.0,0.0008
1.0,0.0,0.001
1.0,0.182,0.0018
1.0,0.0,0.002
1.0,0.0,0.0024
1.0,0.0,0.0022
0.9,0.0,0.0004
1.0,0.1,0.0002
1.0,0.0,0.0002
1.0,0.0,0.0005
1.0,0.0,0.0008
0.9,0.0,0.0007
1.0,0.308,0.0005
1.0,0.0,0.0004
1.0,0.0,0.0004
1.0,0.0,0.0001
1.0,0.0,0.0
1.0,0.077,0.0001
1.0,0.0,0.0004
1.0,0.0,0.0009
1.0,0.0,0.0007
1.0,0.0,0.0005
1.0,0.0,0.0
1.0,0.0,0.0002
1.0,0.0,0.0
1.0,0.0,0.0002
1.0,0.0,0.0003
0.9,0.0,0.0017
0.9,0.0,0.0
0.9,0.0,0.0
0.9,0.0,0.0
0.9,0.0,0.0
0.9,0.0,0.0
0.9,0.0,0.0
0.9,0.0,0.0
0.9,0.0,0.0
0.9,0.0,0.0
0.9,0.0,0.0
0.9,0.0,0.0
0.9,0.0,0.0
0.9,0.0,0.0
0.9,0.0,0.0
0.9,0.0,0.0
0.9,0.0,0.0
0.9,0.0,0.0
0.9,0.0,0.0
0.9,0.0,0.0
0.9,0.0,0.0
0.9,0.0,0.0
0.9,0.0,0.0
0.9,0.0,0.0002
0.9,0.0,0.0004
0.9,0.0,0.0006
0.8,0.0,0.0
0.8,0.0,0.0002
0.8,0.0,0.0017
0.8,0.0,0.0017
0.8,0.0,0.0002
0.8,0.0,0.0002
0.8,0.0,0.0002
0.8,0.0,0.0002
0.8,0.0,0.0002
0.8,0.0,0.0002
0.8,0.0,0.0006
0.8,0.0,0.0002
0.8,0.0,0.0002
0.8,0.0,0.0002
0.8,0.0,0.0002
0.8,0.0,0.0002
0.8,0.0,0.0002
0.8,0.0,0.0
0.8,0.0,0.0
0.8,0.0,0.0002
0.8,0.0,0.0
0.8,0.0,0.0
0.8,0.0,0.0
0.8,0.0,0.0
0.8,0.0,0.0
0.8,0.0,0.0
0.9,0.111,0.0
0.9,0.0,0.0
0.9,0.0,0.0017
0.9,0.0,0.0017
0.9,0.0,0.0017
0.9,0.0,0.0002
0.9,0.0,0.0002
0.9,0.0,0.0002
0.9,0.0,0.0004
0.9,0.0,0.0002
0.9,0.0,0.0002
0.9,0.0,0.0002
0.9,0.0,0.0002
0.9,0.0,0.0002
0.9,0.0,0.0002
0.9,0.0,0.0004
0.9,0.0,0.0004
0.9,0.0,0.0006
0.9,0.0,0.0009
0.9,0.0,0.0009
0.8,0.0,0.0002
0.8,0.0,0.0002
0.8,0.0,0.0
0.8,0.0,0.0
0.8,0.0,0.0
0.8,0.0,0.0
0.8,0.0,0.0
0.8,0.0,0.0
0.8,0.0,0.0
0.8,0.0,0.0
0.8,0.0,0.0
0.8,0.0,0.0017
0.8,0.0,0.0017
0.8,0.0,0.0167
0.8,0.0,0.0167
0.8,0.0,0.0167
0.8,0.0,0.0167
0.8,0.0,0.0167
0.8,0.0,0.0167
0.8,0.0,0.0167
0.8,0.0,0.0167
0.8,0.0,0.0021
0.8,0.0,0.0021
0.8,0.0,0.0021
0.8,0.0,0.0021
0.8,0.0,0.0021
0.8,0.0,0.0021
0.8,0.0,0.0021
0.8,0.0,0.0021
0.8,0.0,0.0021
0.8,0.0,0.0021
0.8,0.0,0.0021
0.8,0.0,0.0
0.8,0.0,0.0
0.8,0.0,0.0
0.8,0.0,0.0167
0.8,0.0,0.0021
0.8,0.0,0.0021
0.8,0.0,0.0021
0.8,0.0,0.0021
0.8,0.0,0.0021
0.8,0.0,0.0021
0.8,0.0,0.0021
0.8,0.0,0.0021
0.8,0.0,0.0
0.8,0.0,0.0063
0.8,0.0,0.0021
0.8,0.0,0.0021
0.9,0.111,0.0019
0.9,0.0,0.0019
0.9,0.0,0.0019
0.9,0.0,0.0019
0.9,0.0,0.0037
0.9,0.0,0.0
0.9,0.0,0.0
0.9,0.0,0.0
0.9,0.0,0.0
0.9,0.0,0.0
1.0,0.1,0.0017
1.0,0.0,0.0033
1.0,0.0,0.005
0.9,0.0,0.0
1.0,0.1,0.0017
1.0,0.0,0.0033
0.9,0.0,0.0056
0.9,0.0,0.0074
0.8,0.0,0.0021
0.9,0.111,0.0037
0.9,0.0,0.0019
0.9,0.0,0.0056
0.9,0.0,0.0019
0.9,0.0,0.0019
0.9,0.0,0.0019
0.9,0.0,0.0019
0.9,0.0,0.0056
0.9,0.0,0.0074
0.9,0.0,0.0093
1.0,0.2,0.0067
1.0,0.0,0.0117
1.0,0.0,0.01
0.9,0.0,0.0074
0.8,0.0,0.0
0.9,0.111,0.0
0.9,0.0,0.0019
0.9,0.0,0.0037
0.9,0.0,0.0056
0.8,0.0,0.0
1.0,0.273,0.003
1.0,0.0,0.003
1.0,0.0,0.0045
1.0,0.0,0.0167
1.0,0.0,0.0183
1.0,0.091,0.0167
1.0,0.0,0.0076
1.0,0.0,0.0076
1.0,0.0,0.005
1.0,0.167,0.0083
1.0,0.0,0.0083
1.0,0.0,0.0139
1.0,0.0,0.0136
1.0,0.0,0.0117
1.0,0.182,0.0091
1.0,0.0,0.0083
1.0,0.0,0.01
1.0,0.0,0.01
0.9,0.0,0.0093
0.9,0.111,0.0
0.9,0.0,0.0037
0.9,0.0,0.0037
0.9,0.0,0.0074
0.8,0.0,0.0
0.9,0.111,0.0019
0.9,0.0,0.0019
0.9,0.0,0.0056
0.9,0.0,0.0056
0.8,0.0,0.0187
1.0,0.2,0.01
1.0,0.0,0.0067
1.0,0.0,0.0083
1.0,0.0,0.0117
1.0,0.0,0.005
1.0,0.0,0.01
1.0,0.0,0.0083
1.0,0.0,0.0117
1.0,0.0,0.0117
1.0,0.1,0.0083
1.0,0.0,0.0083
1.0,0.0,0.0083
1.0,0.0,0.0117
0.9,0.0,0.0093
1.0,0.1,0.0067
1.0,0.0,0.0033
1.0,0.0,0.005
1.0,0.0,0.005
0.9,0.0,0.0019
1.0,0.1,0.0017
1.0,0.0,0.0017
1.0,0.0,0.0
1.0,0.0,0.0
1.0,0.0,0.0
1.0,0.0,0.0167
1.0,0.0,0.0033
1.0,0.0,0.005
1.0,0.0,0.0033
1.0,0.0,0.0033
1.0,0.0,0.0033
1.0,0.0,0.0033
1.0,0.0,0.005
1.0,0.0,0.0067
1.0,0.0,0.005
1.0,0.0,0.0067
1.0,0.0,0.0083
1.0,0.0,0.01
1.0,0.0,0.0017
1.0,0.0,0.0
1.0,0.0,0.0033
1.0,0.0,0.0033
1.0,0.0,0.0
1.0,0.0,0.0017
1.0,0.0,0.0017
1.0,0.0,0.0017
1.0,0.0,0.0
1.0,0.0,0.0017
1.0,0.0,0.0033
1.0,0.091,0.0045
1.0,0.0,0.0008
1.0,0.0,0.0007
1.0,0.0,0.0008
1.0,0.0,0.0007
1.0,0.0,0.0007
1.0,0.0,0.0007
1.0,0.0,0.0008
1.0,0.0,0.0005
1.0,0.091,0.0005
1.0,0.0,0.0006
1.0,0.0,0.0009
1.0,0.0,0.0014
1.0,0.0,0.0012
1.0,0.1,0.0003
1.0,0.0,0.0002
1.0,0.0,0.0003
1.0,0.0,0.0005
1.0,0.0,0.0007
1.0,0.182,0.0
1.0,0.0,0.0003
1.0,0.0,0.0003
1.0,0.0,0.0005
1.0,0.0,0.0
1.0,0.091,0.0
1.0,0.0,0.0003
1.0,0.0,0.0023
1.0,0.0,0.0022
0.9,0.0,0.0017
1.0,0.308,0.0018
1.0,0.0,0.0022
1.0,0.0,0.0019
1.0,0.0,0.0015
1.0,0.083,0.0003
1.0,0.0,0.0007
1.0,0.0,0.0013
1.0,0.0,0.0011
1.0,0.0,0.0008
1.0,0.182,0.0002
1.0,0.0,0.0006
1.0,0.0,0.0012
1.0,0.0,0.0018
1.0,0.0,0.002
0.9,0.0,0.0009
0.8,0.0,0.0002
0.8,0.0,0.0042
0.8,0.0,0.0063
0.8,0.0,0.0083
0.9,0.111,0.0093
0.8,0.0,0.0042
0.8,0.0,0.0208
0.8,0.0,0.0229
0.7,0.0,0.0167
0.8,0.125,0.0167
0.8,0.0,0.0187
0.8,0.0,0.0208
0.7,0.0,0.0167
0.7,0.0,0.0167
0.8,0.125,0.0167
0.8,0.0,0.0167
0.8,0.0,0.0167
0.8,0.0,0.0021
0.8,0.0,0.0021
0.8,0.0,0.0042
0.8,0.0,0.0021
0.8,0.0,0.0021
0.8,0.0,0.0042
0.9,0.111,0.0074
0.9,0.0,0.0093
0.8,0.0,0.0063
0.8,0.0,0.0083
0.7,0.0,0.0
0.8,0.125,0.0
0.8,0.0,0.0021
0.8,0.0,0.0042
0.8,0.0,0.0083
0.7,0.0,0.0048
0.9,0.222,0.0222
0.9,0.0,0.0185
0.9,0.0,0.0222
0.8,0.0,0.0208
0.7,0.0,0.019
0.8,0.125,0.0167
0.8,0.0,0.0208
0.8,0.0,0.025
0.7,0.0,0.0119
0.8,0.125,0.0125
0.7,0.0,0.0024
0.7,0.0,0.0024
0.7,0.0,0.0048
0.7,0.0,0.0119
0.7,0.0,0.0
0.7,0.0,0.0
0.7,0.0,0.0
0.7,0.0,0.0048
0.7,0.0,0.0048
0.7,0.0,0.0
0.7,0.0,0.0
0.7,0.0,0.0
0.7,0.0,0.0
0.7,0.0,0.0
0.7,0.0,0.0
0.7,0.0,0.0
0.7,0.0,0.0
0.7,0.0,0.0167
0.7,0.0,0.0
0.8,0.125,0.0
0.8,0.0,0.0021
0.8,0.0,0.0
0.8,0.0,0.0
0.8,0.0,0.0042
0.8,0.0,0.0063
0.8,0.0,0.0083
0.7,0.0,0.0024
0.7,0.0,0.0024
0.9,0.222,0.0
0.9,0.0,0.0037
0.9,0.0,0.0037
0.9,0.0,0.0074
0.8,0.0,0.0
0.9,0.111,0.0
0.9,0.0,0.0019
0.9,0.0,0.0056
0.9,0.0,0.0056
0.8,0.0,0.0021
0.9,0.111,0.0
0.9,0.0,0.0111
0.9,0.0,0.013
0.8,0.0,0.0125
0.7,0.0,0.0048
0.7,0.0,0.0071
0.7,0.0,0.0048
0.7,0.0,0.0071
0.7,0.0,0.0048
0.7,0.0,0.0071
1.0,0.3,0.0083
1.0,0.0,0.0117
1.0,0.0,0.01
0.9,0.0,0.0093
0.9,0.0,0.0037
1.0,0.1,0.0033
1.0,0.0,0.005
1.0,0.0,0.01
0.9,0.0,0.0074
0.9,0.111,0.0019
0.9,0.0,0.0
0.9,0.0,0.0019
0.9,0.0,0.0019
0.9,0.0,0.0056
0.9,0.0,0.0056
0.8,0.0,0.0208
0.8,0.0,0.0125
0.7,0.0,0.0048
0.7,0.0,0.0071
0.8,0.125,0.0021
0.8,0.0,0.0042
0.8,0.0,0.0021
0.8,0.0,0.0042
0.8,0.0,0.0042
0.8,0.0,0.0063
0.8,0.0,0.0042
0.8,0.0,0.0063
0.8,0.0,0.0042
0.8,0.0,0.0063
0.8,0.0,0.0021
0.8,0.0,0.0063
0.8,0.0,0.0063
0.8,0.0,0.0021
0.8,0.0,0.0
0.8,0.0,0.0021
0.8,0.0,0.0
0.8,0.0,0.0
0.8,0.0,0.0
0.9,0.111,0.0019
0.9,0.0,0.0019
0.9,0.0,0.0222
0.8,0.0,0.0042
0.8,0.0,0.0021
0.9,0.111,0.0056
0.9,0.0,0.0056
0.9,0.0,0.0093
0.8,0.0,0.0
0.8,0.0,0.0021
1.0,0.333,0.0056
1.0,0.0,0.0069
1.0,0.0,0.0083
1.0,0.0,0.0091
1.0,0.083,0.0
1.0,0.0,0.0042
1.0,0.0,0.0056
1.0,0.0,0.0097
1.0,0.0,0.0061
1.0,0.167,0.0014
1.0,0.0,0.0042
1.0,0.0,0.0097
1.0,0.0,0.0139
1.0,0.0,0.0152
1.0,0.0,0.0045
1.0,0.0,0.005
1.0,0.0,0.0233
0.9,0.0,0.0111
0.8,0.0,0.0083
1.0,0.2,0.005
1.0,0.0,0.0083
1.0,0.0,0.0117
0.9,0.0,0.0056
0.9,0.0,0.0074
1.0,0.1,0.0067
1.0,0.0,0.01
1.0,0.0,0.0083
0.9,0.0,0.0074
1.0,0.182,0.0045
1.0,0.0,0.003
1.0,0.0,0.0045
1.0,0.0,0.0061
1.0,0.0,0.0033
1.0,0.091,0.0015
1.0,0.0,0.0061
1.0,0.0,0.0091
1.0,0.0,0.0136
1.0,0.0,0.01
1.0,0.182,0.0015
1.0,0.0,0.0167
1.0,0.0,0.0182
1.0,0.0,0.0045
1.0,0.0,0.0061
1.0,0.0,0.0015
1.0,0.0,0.0045
1.0,0.0,0.0045
1.0,0.0,0.0076
1.0,0.0,0.0033
1.0,0.091,0.0076
1.0,0.0,0.0091
1.0,0.0,0.0083
0.9,0.0,0.0019
0.9,0.0,0.0037
1.0,0.1,0.0067
1.0,0.0,0.0033
1.0,0.0,0.0083
0.9,0.0,0.0
0.9,0.0,0.0037
0.9,0.0,0.0
0.9,0.0,0.0037
0.9,0.0,0.0
0.9,0.0,0.0037
0.9,0.0,0.0
0.9,0.0,0.0037
0.9,0.0,0.0074
0.9,0.0,0.0056
0.9,0.0,0.0074
0.9,0.0,0.0037
0.9,0.0,0.0056
0.9,0.0,0.0037
0.9,0.0,0.0056
0.9,0.0,0.0019
0.9,0.0,0.0037
0.9,0.0,0.0019
0.9,0.0,0.0037
0.9,0.0,0.0019
0.9,0.0,0.0056
1.0,0.1,0.005
1.0,0.0,0.005
1.0,0.0,0.0067
0.9,0.0,0.0019
1.0,0.1,0.0017
1.0,0.0,0.0017
1.0,0.0,0.0033
1.0,0.0,0.005
1.0,0.0,0.0067
1.0,0.1,0.0017
1.0,0.0,0.0002
1.0,0.0,0.0003
1.0,0.0,0.0002
1.0,0.0,0.0
1.0,0.0,0.0017
1.0,0.0,0.0022
1.0,0.0,0.002
0.9,0.0,0.0019
0.9,0.0,0.0004
1.0,0.182,0.0005
1.0,0.0,0.0008
1.0,0.0,0.0011
1.0,0.0,0.0003
1.0,0.0,0.0005
1.0,0.091,0.0005
1.0,0.0,0.0008
1.0,0.0,0.0011
1.0,0.0,0.001
1.0,0.1,0.0005
1.0,0.0,0.0003
1.0,0.0,0.0005
1.0,0.0,0.0007
0.9,0.0,0.0002
0.9,0.0,0.0002
0.9,0.0,0.0002
0.9,0.0,0.0002
0.9,0.0,0.0019
0.9,0.0,0.0019
0.9,0.0,0.0019
0.9,0.0,0.0019
0.9,0.0,0.0019
0.9,0.0,0.0006
0.9,0.0,0.0006
0.9,0.0,0.0004
0.9,0.0,0.0004
0.9,0.0,0.0004
0.9,0.0,0.0004
0.9,0.0,0.0004
1.0,0.182,0.0002
1.0,0.0,0.0003
1.0,0.0,0.0002
1.0,0.0,0.0002
1.0,0.0,0.0002
1.0,0.0,0.0002
1.0,0.0,0.0002
1.0,0.0,0.0002
1.0,0.0,0.0002
1.0,0.083,0.0019
1.0,0.0,0.0022
1.0,0.0,0.0018
1.0,0.0,0.002
1.0,0.0,0.0017
1.0,0.0,0.0018
1.0,0.0,0.0015
1.0,0.0,0.0005
1.0,0.0,0.0006
1.0,0.0,0.0005
1.0,0.083,0.0007
1.0,0.0,0.0007
1.0,0.0,0.0008
1.0,0.0,0.0005
1.0,0.0,0.0009
1.0,0.083,0.0008
1.0,0.0,0.0014
1.0,0.0,0.0009
1.0,0.0,0.0076
1.0,0.0,0.0033
1.0,0.0,0.0067
1.0,0.0,0.0017
1.0,0.0,0.0067
1.0,0.0,0.005
1.0,0.0,0.0083
1.0,0.0,0.005
1.0,0.0,0.0067
1.0,0.0,0.005
1.0,0.0,0.0033
1.0,0.091,0.0045
1.0,0.0,0.0076
1.0,0.0,0.0008
1.0,0.0,0.0002
1.0,0.0,0.0003
1.0,0.091,0.0005
1.0,0.0,0.0006
1.0,0.0,0.0008
1.0,0.0,0.0003
1.0,0.0,0.0002
1.0,0.0,0.0005
1.0,0.0,0.0
1.0,0.0,0.0002
1.0,0.0,0.0
1.0,0.0,0.0002
1.0,0.0,0.0
1.0,0.0,0.0002
1.0,0.0,0.0
1.0,0.0,0.0002
1.0,0.167,0.0
1.0,0.0,0.0004
1.0,0.0,0.0006
1.0,0.0,0.001
1.0,0.0,0.0006
1.0,0.083,0.0007
1.0,0.0,0.001
1.0,0.0,0.0013
1.0,0.0,0.0011
1.0,0.0,0.0005
1.0,0.091,0.0006
1.0,0.0,0.0005
1.0,0.0,0.0003
1.0,0.0,0.0003
1.0,0.0,0.0002
1.0,0.0,0.0003
1.0,0.0,0.0002
1.0,0.0,0.0
1.0,0.0,0.0003
1.0,0.0,0.0002
1.0,0.0,0.0002
1.0,0.0,0.0002
1.0,0.0,0.0002
1.0,0.0,0.0002
1.0,0.0,0.0002
1.0,0.0,0.0002
1.0,0.0,0.0002
1.0,0.0,0.0003
1.0,0.0,0.0003
1.0,0.083,0.0004
1.0,0.0,0.0194
1.0,0.0,0.0139
1.0,0.0,0.0208
1.0,0.0,0.0167
1.0,0.0,0.0181
1.0,0.0,0.0167
1.0,0.0,0.0042
1.0,0.0,0.0042
1.0,0.0,0.0042
1.0,0.0,0.0028
1.0,0.0,0.0056
1.0,0.0,0.0042
1.0,0.0,0.0056
1.0,0.0,0.0004
1.0,0.0,0.0006
1.0,0.0,0.0004
1.0,0.0,0.0006
1.0,0.0,0.0006
1.0,0.0,0.0006
1.0,0.0,0.0003
1.0,0.0,0.0001
1.0,0.0,0.0018
1.0,0.0,0.0018
1.0,0.0,0.0017
1.0,0.0,0.0018
1.0,0.0,0.0019
1.0,0.0,0.0018
1.0,0.0,0.0021
1.0,0.077,0.0018
1.0,0.0,0.0009
1.0,0.0,0.0009
1.0,0.0,0.0004
1.0,0.0,0.0007
1.0,0.077,0.001
1.0,0.0,0.0012
1.0,0.0,0.0014
1.0,0.0,0.0011
1.0,0.0,0.0008
1.0,0.091,0.0008
1.0,0.0,0.0011
1.0,0.0,0.0006
1.0,0.0,0.0018
1.0,0.091,0.0012
1.0,0.0,0.0018
1.0,0.0,0.002
1.0,0.0,0.0021
1.0,0.0,0.0015
1.0,0.091,0.0021
1.0,0.0,0.0018
1.0,0.0,0.002
1.0,0.0,0.0018
1.0,0.0,0.002
1.0,0.0,0.0091
1.0,0.0,0.003
1.0,0.0,0.0061
1.0,0.0,0.003
1.0,0.0,0.0061
1.0,0.083,0.0014
1.0,0.0,0.0042
1.0,0.0,0.0056
1.0,0.0,0.003
1.0,0.0,0.0
1.0,0.083,0.0042
1.0,0.0,0.0194
1.0,0.0,0.0139
1.0,0.0,0.0091
1.0,0.0,0.0091
1.0,0.0,0.0045
1.0,0.0,0.0091
1.0,0.0,0.0061
1.0,0.0,0.0091
1.0,0.0,0.0061
1.0,0.0,0.0106
1.0,0.0,0.0076
1.0,0.0,0.0106
1.0,0.0,0.0076
1.0,0.0,0.0017
1.0,0.0,0.0017
1.0,0.0,0.0017
1.0,0.0,0.0033
1.0,0.0,0.0017
1.0,0.0,0.0033
1.0,0.0,0.0
1.0,0.0,0.005
1.0,0.0,0.0067
1.0,0.0,0.0083
1.0,0.0,0.0067
1.0,0.0,0.0083
1.0,0.0,0.0067
1.0,0.0,0.01
1.0,0.0,0.0083
1.0,0.0,0.0117
1.0,0.0,0.0067
1.0,0.0,0.0083
1.0,0.0,0.005
1.0,0.0,0.0
1.0,0.0,0.0033
1.0,0.0,0.0
1.0,0.0,0.0033
1.0,0.0,0.0
1.0,0.0,0.0033
1.0,0.0,0.0
1.0,0.0,0.0033
1.0,0.0,0.0
1.0,0.0,0.005
1.0,0.0,0.0
1.0,0.0,0.0183
1.0,0.0,0.005
1.0,0.0,0.0017
1.0,0.0,0.0033
1.0,0.0,0.0017
0.9,0.0,0.0
0.9,0.111,0.0019
0.9,0.0,0.0
0.9,0.0,0.0
0.9,0.0,0.0
0.9,0.111,0.0
0.9,0.111,0.0
0.9,0.0,0.0
0.9,0.0,0.0
0.9,0.0,0.0
0.9,0.0,0.0
0.9,0.0,0.0
0.9,0.0,0.0
0.9,0.0,0.0019
0.9,0.0,0.0019
0.9,0.0,0.0019
0.9,0.0,0.0019
0.9,0.111,0.0019
0.9,0.0,0.0019
0.9,0.0,0.0037
0.9,0.0,0.0056
0.9,0.0,0.0
0.9,0.0,0.0
0.9,0.111,0.0
0.9,0.111,0.0
0.9,0.0,0.0
1.0,0.1,0.0033
0.9,0.0,0.0
0.9,0.111,0.0019
0.9,0.0,0.0
0.9,0.111,0.0037
0.9,0.111,0.0074
0.9,0.111,0.0037
0.9,0.0,0.0074
0.9,0.0,0.0019
0.9,0.0,0.0056
0.9,0.0,0.0019
0.9,0.0,0.0056
0.9,0.0,0.0019
0.9,0.0,0.0019
0.9,0.0,0.0019
1.0,0.0,0.0017
1.0,0.0,0.0
1.0,0.0,0.0
1.0,0.0,0.0
1.0,0.0,0.0033
1.0,0.0,0.0167
1.0,0.0,0.0183
1.0,0.0,0.0033
1.0,0.0,0.0
1.0,0.0,0.005
0.9,0.0,0.0
0.9,0.0,0.0037
0.9,0.0,0.0
0.9,0.0,0.0037
0.9,0.0,0.0
0.9,0.0,0.0037
0.9,0.0,0.0
0.9,0.111,0.0019
0.9,0.111,0.0
1.0,0.2,0.0017
1.0,0.0,0.0167
1.0,0.0,0.0183
1.0,0.0,0.0167
1.0,0.0,0.015
1.0,0.0,0.0067
1.0,0.0,0.0033
1.0,0.0,0.0067
0.9,0.0,0.0037
0.9,0.0,0.0056
0.9,0.0,0.0037
0.9,0.0,0.0056
0.9,0.0,0.0037
0.9,0.0,0.0
0.9,0.0,0.0
0.9,0.0,0.0019
0.9,0.111,0.0
0.9,0.111,0.0019
0.9,0.0,0.0167
1.0,0.2,0.0183
1.0,0.0,0.0017
1.0,0.0,0.0033
1.0,0.0,0.0033
1.0,0.1,0.0017
1.0,0.1,0.0033
1.0,0.1,0.0017
1.0,0.1,0.0017
1.0,0.1,0.0017
1.0,0.0,0.0017
1.0,0.0,0.0
1.0,0.0,0.0
1.0,0.0,0.0
1.0,0.0,0.0
1.0,0.0,0.0167
1.0,0.0,0.0167
1.0,0.0,0.0167
1.0,0.1,0.0167
1.0,0.1,0.0017
1.0,0.0,0.0017
1.0,0.0,0.0017
1.0,0.1,0.0033
1.0,0.0,0.0067
1.0,0.0,0.003
1.0,0.0,0.0017
1.0,0.0,0.0
1.0,0.0,0.0
1.0,0.0,0.0
1.0,0.0,0.0
1.0,0.0,0.0
1.0,0.0,0.0
1.0,0.1,0.0017
1.0,0.0,0.0017
1.0,0.0,0.0017
1.0,0.1,0.0033
1.0,0.0,0.0017
1.0,0.0,0.0017
0.9,0.0,0.0019
1.0,0.1,0.0033
1.0,0.0,0.0033
1.0,0.0,0.0033
1.0,0.0,0.005
1.0,0.1,0.0
0.9,0.0,0.0
1.0,0.0,0.0
1.0,0.0,0.0017
0.9,0.0,0.0
0.9,0.0,0.0
0.8,0.0,0.0
0.8,0.0,0.0
0.8,0.0,0.0
0.8,0.0,0.0
0.8,0.0,0.0
0.8,0.0,0.0
0.8,0.0,0.0
0.8,0.0,0.0021
0.8,0.125,0.0
0.8,0.0,0.0
0.8,0.0,0.0
0.8,0.0,0.0
1.0,0.0,0.0
0.9,0.0,0.0
0.9,0.0,0.0
0.9,0.0,0.0
0.8,0.0,0.0
0.8,0.0,0.0167
0.8,0.125,0.0021
0.9,0.111,0.0037
0.8,0.0,0.0021
0.8,0.0,0.0021
0.8,0.0,0.0021
0.8,0.0,0.0021
0.8,0.0,0.0021
0.8,0.0,0.0021
0.8,0.0,0.0021
0.9,0.0,0.0
0.9,0.0,0.0019
0.9,0.0,0.0
0.9,0.0,0.0
0.8,0.0,0.0
0.9,0.111,0.0
0.9,0.111,0.0
0.9,0.0,0.0167
0.8,0.0,0.0
0.8,0.0,0.0
0.9,0.0,0.0167
0.9,0.0,0.0167
0.9,0.0,0.0167
0.9,0.0,0.0167
0.9,0.0,0.0019
0.9,0.0,0.0019
0.9,0.0,0.0019
0.9,0.0,0.0019
0.9,0.0,0.0019
0.9,0.0,0.0
0.9,0.0,0.0
0.9,0.0,0.0
0.9,0.0,0.0
0.9,0.0,0.0
0.9,0.0,0.0
0.9,0.0,0.0019
0.9,0.0,0.0
0.9,0.0,0.0
0.9,0.0,0.0
1.0,0.273,0.003
1.0,0.091,0.0045
1.0,0.0,0.003
1.0,0.0,0.0
1.0,0.182,0.0
1.0,0.091,0.0
1.0,0.0,0.0015
1.0,0.0,0.0
1.0,0.0,0.0
1.0,0.0,0.0
1.0,0.0,0.0167
1.0,0.0,0.0017
1.0,0.0,0.005
1.0,0.0,0.0
1.0,0.0,0.0017
1.0,0.0,0.0
1.0,0.0,0.0017
1.0,0.0,0.0
1.0,0.0,0.0
1.0,0.0,0.0015
1.0,0.091,0.0
1.0,0.091,0.0015
1.0,0.0,0.0
1.0,0.091,0.0015
1.0,0.0,0.0
1.0,0.091,0.003
1.0,0.0,0.0015
1.0,0.0,0.0033
1.0,0.0,0.0017
1.0,0.0,0.0017
1.0,0.0,0.0017
1.0,0.1,0.0017
1.0,0.1,0.0033
1.0,0.1,0.0033
1.0,0.091,0.0045
1.0,0.0,0.0061
1.0,0.0,0.003
1.0,0.154,0.0
1.0,0.071,0.0036
1.0,0.0,0.0038
1.0,0.0,0.0064
1.0,0.0,0.0064
1.0,0.077,0.0013
1.0,0.071,0.0012
1.0,0.0,0.006
1.0,0.0,0.0083
1.0,0.0,0.0119
1.0,0.0,0.0192
1.0,0.0,0.0194
1.0,0.077,0.0218
1.0,0.0,0.0222
1.0,0.0,0.0208
1.0,0.0,0.0222
1.0,0.0,0.0236
1.0,0.0,0.0242
1.0,0.0,0.0106
1.0,0.0,0.0121
1.0,0.083,0.0097
1.0,0.0,0.0111
1.0,0.0,0.0097
1.0,0.0,0.0111
1.0,0.0,0.0091
1.0,0.091,0.0091
1.0,0.091,0.0091
1.0,0.091,0.0091
1.0,0.0,0.0106
1.0,0.0,0.0038
1.0,0.0,0.0077
1.0,0.0,0.0155
1.0,0.0,0.0128
1.0,0.0,0.0222
1.0,0.0,0.0208
1.0,0.083,0.0208
1.0,0.0,0.025
1.0,0.0,0.0236
1.0,0.0,0.0242
1.0,0.214,0.019
1.0,0.0,0.0226
1.0,0.0,0.019
1.0,0.0,0.0107
1.0,0.0,0.0083
1.0,0.0,0.0095
1.0,0.0,0.0083
1.0,0.0,0.0119
1.0,0.0,0.0107
1.0,0.0,0.0107
1.0,0.125,0.0052
1.0,0.0,0.0022
1.0,0.0,0.0022
1.0,0.0,0.0033
1.0,0.0,0.0022
1.0,0.0,0.0067
1.0,0.0,0.0036
1.0,0.0,0.0
1.0,0.077,0.0
1.0,0.071,0.0012
1.0,0.0,0.0012
1.0,0.0,0.0036
1.0,0.0,0.0205
1.0,0.0,0.0181
1.0,0.0,0.0139
1.0,0.083,0.0042
1.0,0.0,0.0097
1.0,0.0,0.0015
1.0,0.0,0.0033
1.0,0.0,0.0
1.0,0.0,0.0033
1.0,0.091,0.003
1.0,0.0,0.0076
1.0,0.0,0.0076
1.0,0.0,0.0033
1.0,0.0,0.0017
1.0,0.091,0.0061
1.0,0.0,0.0045
1.0,0.0,0.0061
1.0,0.231,0.0026
1.0,0.0,0.0038
1.0,0.0,0.0051
1.0,0.0,0.0014
1.0,0.0,0.0014
1.0,0.077,0.0013
1.0,0.0,0.0014
1.0,0.077,0.0038
1.0,0.0,0.0051
1.0,0.143,0.0012
1.0,0.0,0.0024
1.0,0.0,0.006
1.0,0.0,0.0205
1.0,0.0,0.0167
1.0,0.077,0.0064
1.0,0.0,0.0103
1.0,0.0,0.0115
1.0,0.0,0.0167
1.0,0.0,0.0125
1.0,0.154,0.0103
1.0,0.0,0.0115
1.0,0.0,0.0141
1.0,0.0,0.0111
1.0,0.0,0.0076
1.0,0.154,0.0051
1.0,0.0,0.0077
1.0,0.0,0.0103
1.0,0.0,0.0097
1.0,0.0,0.0045
1.0,0.0,0.0
1.0,0.1,0.0017
1.0,0.1,0.0
1.0,0.1,0.0033
1.0,0.1,0.0
1.0,0.1,0.0017
1.0,0.1,0.0
1.0,0.1,0.0033
1.0,0.0,0.0
1.0,0.182,0.003
1.0,0.0,0.0
1.0,0.0,0.0212
1.0,0.0,0.0033
1.0,0.0,0.0033
1.0,0.0,0.0069
1.0,0.0,0.0083
1.0,0.0,0.0045
1.0,0.0,0.0033
1.0,0.0,0.005
1.0,0.0,0.003
1.0,0.0,0.0045
1.0,0.0,0.0045
1.0,0.091,0.0045
1.0,0.091,0.0045
1.0,0.083,0.0056
1.0,0.0,0.0
1.0,0.091,0.003
1.0,0.0,0.0
1.0,0.083,0.0028
1.0,0.0,0.0
1.0,0.0,0.0042
1.0,0.083,0.0
1.0,0.077,0.0038
1.0,0.0,0.0
1.0,0.0,0.0028
1.0,0.083,0.0028
1.0,0.077,0.0064
1.0,0.0,0.0064
1.0,0.0,0.0028
1.0,0.0,0.0014
1.0,0.0,0.0014
1.0,0.0,0.0
1.0,0.091,0.0
1.0,0.083,0.0056
1.0,0.0,0.0045
1.0,0.0,0.0017
1.0,0.0,0.0017
0.9,0.0,0.0
1.0,0.2,0.0017
1.0,0.1,0.0017
1.0,0.0,0.0017
0.9,0.0,0.0
0.9,0.0,0.0
1.0,0.2,0.0
1.0,0.091,0.003
1.0,0.0,0.0045
1.0,0.0,0.0106
1.0,0.083,0.0111
1.0,0.0,0.0097
1.0,0.0,0.0076
1.0,0.0,0.0106
1.0,0.083,0.0069
1.0,0.0,0.0125
1.0,0.0,0.0139
1.0,0.0,0.0152
1.0,0.0,0.0091
1.0,0.0,0.0121
1.0,0.0,0.01
1.0,0.0,0.0067
1.0,0.0,0.01
1.0,0.0,0.0067
1.0,0.0,0.0067
1.0,0.1,0.0067
1.0,0.1,0.0067
1.0,0.0,0.0076
1.0,0.0,0.0067
1.0,0.0,0.0083
1.0,0.0,0.0067
1.0,0.0,0.0083
0.9,0.0,0.0074
0.9,0.0,0.0074
0.9,0.111,0.0222
0.9,0.0,0.0093
0.9,0.0,0.0074
0.9,0.0,0.0093
0.9,0.0,0.0093
0.9,0.0,0.0111
0.9,0.0,0.0093
0.9,0.0,0.0111
0.9,0.0,0.0093
0.9,0.0,0.0111
0.9,0.0,0.0093
0.9,0.0,0.0111
0.9,0.0,0.0074
0.9,0.0,0.0093
0.9,0.111,0.0093
1.0,0.0,0.01
0.9,0.0,0.0093
1.0,0.1,0.0083
0.9,0.0,0.0093
0.9,0.0,0.0093
1.0,0.1,0.0083
0.9,0.0,0.0093
0.9,0.0,0.0093
0.9,0.0,0.0241
0.9,0.0,0.0204
0.9,0.0,0.0204
0.8,0.0,0.0187
0.8,0.0,0.0208
0.8,0.0,0.0187
0.7,0.0,0.0119
0.8,0.0,0.0146
0.7,0.0,0.0071
0.8,0.125,0.0104
0.8,0.0,0.0104
0.9,0.111,0.0111
0.9,0.0,0.0111
0.8,0.0,0.0104
0.7,0.0,0.0095
0.8,0.0,0.0104
0.8,0.0,0.0
0.8,0.0,0.0083
0.8,0.125,0.0
0.8,0.0,0.0083
0.7,0.0,0.0
0.7,0.143,0.0024
0.8,0.0,0.0
0.7,0.0,0.0071
0.8,0.125,0.0
0.7,0.0,0.0071
0.7,0.0,0.0
0.7,0.0,0.0238
0.7,0.0,0.0119
0.7,0.0,0.0095
0.9,0.0,0.0148
0.8,0.0,0.0125
0.8,0.0,0.0125
0.7,0.0,0.0095
0.7,0.0,0.0119
0.8,0.0,0.0042
0.8,0.0,0.0125
0.8,0.0,0.0125
0.8,0.0,0.0125
0.7,0.0,0.0048
0.8,0.125,0.0083
0.8,0.0,0.0
0.7,0.0,0.0071
0.8,0.0,0.0
0.7,0.0,0.0071
0.8,0.125,0.0
0.7,0.0,0.0007
0.7,0.0,0.0
0.8,0.125,0.0008
0.7,0.0,0.0
0.8,0.125,0.0013
0.8,0.125,0.001
0.8,0.125,0.0008
0.8,0.0,0.0006
0.9,0.111,0.0007
0.9,0.0,0.0009
0.9,0.0,0.0009
0.9,0.0,0.0007
0.8,0.0,0.0004
0.8,0.0,0.0002
0.8,0.0,0.0002
0.8,0.0,0.0004
0.7,0.0,0.0002
0.8,0.0,0.0021
0.7,0.0,0.0024
0.8,0.0,0.0013
0.7,0.0,0.0007
0.8,0.0,0.001
0.7,0.0,0.0007
0.8,0.0,0.001
0.7,0.0,0.0005
0.8,0.125,0.001
0.7,0.0,0.0007
0.8,0.125,0.0004
0.7,0.0,0.0005
0.7,0.0,0.0007
0.7,0.0,0.0
0.7,0.0,0.0019
1.0,0.0,0.0012
1.0,0.0,0.0015
1.0,0.0,0.0005
0.9,0.0,0.0009
0.9,0.0,0.0006
1.0,0.2,0.0007
1.0,0.1,0.0008
1.0,0.0,0.0018
0.9,0.0,0.0011
0.8,0.0,0.0015
0.8,0.0,0.0004
0.8,0.0,0.0013
0.9,0.0,0.0009
0.8,0.0,0.0004
0.7,0.0,0.0002
0.9,0.0,0.0037
0.8,0.0,0.0021
0.8,0.0,0.0042
0.8,0.0,0.0021
0.7,0.0,0.0024
0.8,0.25,0.0
0.9,0.111,0.0
0.8,0.0,0.0
0.8,0.0,0.0187
0.8,0.0,0.0167
0.8,0.0,0.0187
0.8,0.0,0.0167
0.8,0.0,0.0187
0.8,0.0,0.0042
0.9,0.222,0.0037
0.9,0.0,0.0093
0.9,0.111,0.0074
0.9,0.0,0.013
0.8,0.0,0.0063
0.8,0.0,0.0
0.8,0.125,0.0021
0.8,0.0,0.0021
0.8,0.0,0.0021
0.7,0.0,0.0
1.0,0.3,0.0017
0.9,0.0,0.0
0.9,0.0,0.0
1.0,0.0,0.0017
0.9,0.0,0.0
0.9,0.0,0.0
0.9,0.111,0.0167
0.9,0.0,0.0167
0.9,0.0,0.0167
0.9,0.0,0.0037
0.9,0.0,0.0056
0.9,0.0,0.0056
0.9,0.0,0.0074
0.8,0.0,0.0042
0.8,0.0,0.0063
0.7,0.0,0.0048
0.8,0.0,0.0006
0.7,0.0,0.0005
0.8,0.125,0.0083
0.7,0.0,0.0048
0.8,0.0,0.0008
0.7,0.0,0.0005
0.8,0.0,0.0008
0.7,0.0,0.0002
0.8,0.125,0.0006
0.7,0.0,0.0002
0.7,0.0,0.0
0.7,0.0,0.0024
0.7,0.0,0.0
0.8,0.0,0.0021
0.7,0.0,0.0
0.8,0.125,0.0229
0.8,0.0,0.0023
0.7,0.0,0.0017
0.8,0.0,0.0167
0.7,0.0,0.019
0.8,0.0,0.0021
0.7,0.0,0.0017
0.8,0.0,0.001
0.7,0.0,0.0002
0.8,0.125,0.0002
0.7,0.0,0.0002
0.8,0.125,0.0021
0.7,0.0,0.0
0.7,0.0,0.0024
0.7,0.0,0.0048
0.7,0.0,0.0048
0.6,0.0,0.0028
0.8,0.0,0.0042
0.7,0.0,0.0048
0.7,0.0,0.0048
0.7,0.0,0.0
0.6,0.0,0.0
0.8,0.0,0.0021
0.7,0.0,0.0048
0.7,0.0,0.0024
0.6,0.0,0.0028
0.8,0.0,0.0021
0.7,0.0,0.0048
0.7,0.0,0.0024
0.7,0.0,0.0048
0.6,0.0,0.0
0.8,0.0,0.0063
0.8,0.0,0.0063
0.7,0.0,0.0024
0.7,0.0,0.0048
0.6,0.0,0.0083
0.7,0.0,0.0
0.6,0.0,0.0
0.7,0.143,0.0
0.7,0.0,0.0024
0.6,0.0,0.0
0.7,0.0,0.0
0.6,0.0,0.0
0.7,0.0,0.0024
0.6,0.0,0.0
0.7,0.143,0.019
0.8,0.125,0.0021
0.7,0.0,0.0
0.7,0.0,0.0
0.7,0.0,0.0024
0.7,0.143,0.0
0.8,0.125,0.0083
0.7,0.0,0.0024
0.6,0.0,0.0
0.7,0.143,0.0024
0.9,0.222,0.0037
0.8,0.0,0.0021
0.8,0.0,0.0
0.8,0.0,0.0021
0.7,0.0,0.0
0.8,0.125,0.0
0.8,0.0,0.0
1.0,0.1,0.0083
0.9,0.0,0.0074
1.0,0.1,0.005
0.9,0.0,0.0037
0.9,0.0,0.0056
0.9,0.0,0.0111
0.8,0.0,0.0063
0.7,0.0,0.0
0.6,0.0,0.0167
0.7,0.0,0.0167
0.6,0.0,0.0167
0.7,0.0,0.0167
0.6,0.0,0.0167
0.8,0.0,0.0167
0.7,0.0,0.019
0.7,0.143,0.0167
0.8,0.125,0.0208
0.8,0.0,0.0083
0.7,0.0,0.0
0.7,0.0,0.0071
0.7,0.0,0.0071
0.7,0.143,0.0095
0.8,0.0,0.0063
0.8,0.0,0.0063
0.7,0.0,0.0024
0.7,0.0,0.0048
0.7,0.0,0.0
0.7,0.0,0.0024
0.7,0.0,0.0
0.7,0.143,0.0024
0.8,0.0,0.0042
0.8,0.0,0.0
0.7,0.0,0.0167
0.7,0.0,0.0095
0.7,0.0,0.0048
0.7,0.0,0.0048
0.7,0.0,0.0071
0.7,0.0,0.0071
0.8,0.0,0.0125
0.8,0.0,0.0083
0.9,0.111,0.0093
0.9,0.0,0.0037
0.8,0.0,0.0021
0.8,0.0,0.0042
0.8,0.0,0.0021
0.8,0.0,0.0
0.8,0.125,0.0
0.8,0.125,0.0
0.9,0.111,0.0019
0.9,0.0,0.0056
0.9,0.0,0.0
0.9,0.0,0.0037
0.8,0.0,0.0
0.8,0.125,0.0
0.8,0.125,0.0
0.8,0.0,0.0063
0.8,0.0,0.0
0.8,0.0,0.0004
0.7,0.0,0.0
0.7,0.0,0.0019
0.8,0.0,0.0
0.7,0.0,0.0
0.7,0.0,0.0
0.7,0.0,0.0
0.7,0.0,0.0
0.8,0.0,0.0
0.7,0.0,0.0002
0.7,0.143,0.0
0.8,0.0,0.0042
0.7,0.0,0.0071
0.9,0.333,0.0019
0.9,0.0,0.0
0.9,0.0,0.0
0.9,0.0,0.0
0.9,0.0,0.0019
0.9,0.0,0.0
0.9,0.0,0.0037
1.0,0.1,0.005
0.9,0.0,0.0074
0.8,0.0,0.0
0.7,0.0,0.0
0.8,0.0,0.0017
0.7,0.0,0.0
0.8,0.125,0.001
0.7,0.0,0.0002
0.7,0.0,0.001
0.6,0.0,0.0
0.7,0.143,0.0095
0.7,0.0,0.0024
0.6,0.0,0.0056
0.7,0.0,0.0048
0.6,0.0,0.0083
0.7,0.0,0.0024
0.6,0.0,0.0111
0.7,0.0,0.0
0.6,0.0,0.0056
0.7,0.0,0.0
0.6,0.0,0.0
0.7,0.143,0.0
0.7,0.0,0.0024
0.6,0.0,0.0
0.7,0.143,0.0024
0.7,0.0,0.0
0.6,0.0,0.0
0.7,0.143,0.0
0.7,0.0,0.0024
0.7,0.0,0.0
0.6,0.0,0.0167
0.7,0.143,0.0071
0.7,0.0,0.0071
0.6,0.0,0.0056
0.7,0.0,0.0095
0.6,0.0,0.0056
0.7,0.0,0.0071
0.6,0.0,0.0
0.7,0.0,0.0048
0.6,0.0,0.0028
0.7,0.143,0.0119
1.0,0.0,0.005
0.9,0.0,0.0019
0.9,0.0,0.0074
0.9,0.0,0.0056
0.8,0.0,0.0042
0.9,0.0,0.0
0.9,0.111,0.0056
0.9,0.0,0.0037
1.0,0.1,0.0083
0.9,0.0,0.0019
1.0,0.0,0.0033
0.9,0.0,0.0204
0.9,0.0,0.0278
0.8,0.0,0.0229
0.7,0.0,0.0167
0.9,0.222,0.0093
0.8,0.0,0.0167
0.8,0.0,0.0125
0.7,0.0,0.0095
0.6,0.0,0.0056
0.8,0.25,0.0125
0.8,0.0,0.0104
0.7,0.0,0.0095
0.7,0.0,0.0071
0.7,0.0,0.0
0.7,0.0,0.0048
0.7,0.0,0.0
0.7,0.0,0.0048
0.6,0.0,0.0
0.8,0.0,0.0042
0.7,0.0,0.0
0.7,0.0,0.0024
0.7,0.0,0.0048
0.6,0.0,0.0028
0.8,0.0,0.0
0.7,0.0,0.0214
0.7,0.0,0.0071
0.6,0.0,0.0056
0.7,0.0,0.0048
0.6,0.0,0.0194
0.7,0.0,0.0167
0.7,0.0,0.0017
0.6,0.0,0.0017
0.7,0.0,0.019
0.7,0.0,0.0017
0.7,0.0,0.0014
0.6,0.0,0.0
0.7,0.143,0.0024
0.7,0.0,0.0024
0.7,0.0,0.0002
0.7,0.0,0.0
0.6,0.0,0.0
0.7,0.143,0.0024
0.7,0.0,0.0024
0.7,0.0,0.0
0.7,0.0,0.0048
0.7,0.0,0.0
0.7,0.0,0.0005
0.8,0.125,0.0
0.8,0.0,0.0006
0.8,0.0,0.0006
0.7,0.0,0.0021
0.8,0.125,0.0002
0.7,0.0,0.0
0.8,0.0,0.0083
0.7,0.0,0.0048
0.7,0.0,0.0007
0.7,0.0,0.0
1.0,0.0,0.0067
0.9,0.0,0.013
0.9,0.0,0.0148
0.8,0.0,0.0104
0.8,0.0,0.0083
0.9,0.222,0.013
0.9,0.111,0.0093
0.9,0.0,0.0019
0.8,0.0,0.0042
0.9,0.222,0.0
0.9,0.0,0.0056
1.0,0.0,0.0003
0.9,0.0,0.0006
0.8,0.0,0.0
0.9,0.0,0.0006
0.9,0.0,0.0004
0.9,0.0,0.0009
0.8,0.0,0.0021
0.7,0.0,0.0002
0.7,0.0,0.001
0.7,0.0,0.0002
0.7,0.0,0.001
0.7,0.0,0.0002
0.7,0.0,0.001
0.8,0.0,0.0008
0.7,0.0,0.0007
0.7,0.0,0.0
0.7,0.0,0.001
0.7,0.0,0.0002
0.7,0.143,0.001
0.8,0.125,0.0063
0.7,0.0,0.0048
0.6,0.0,0.0
0.7,0.143,0.0048
0.7,0.0,0.0
0.6,0.0,0.0
0.7,0.0,0.0
0.6,0.0,0.0028
0.8,0.25,0.0
0.8,0.0,0.0042
0.7,0.0,0.0
0.7,0.143,0.0048
0.8,0.0,0.0208
0.7,0.0,0.019
0.7,0.143,0.0071
0.8,0.0,0.0125
0.7,0.0,0.0071
0.6,0.0,0.0028
0.7,0.143,0.0071
0.7,0.0,0.0071
0.7,0.0,0.0071
0.6,0.0,0.0028
0.7,0.143,0.0071
0.7,0.0,0.0048
0.7,0.0,0.0048
0.7,0.0,0.0005
0.6,0.0,0.0003
0.8,0.0,0.0013
0.7,0.0,0.0002
0.8,0.0,0.0004
0.7,0.0,0.0005
0.6,0.0,0.0
0.8,0.25,0.0042
0.8,0.0,0.0021
0.7,0.0,0.0048
0.7,0.0,0.0
0.8,0.25,0.0
1.0,0.2,0.0033
0.9,0.0,0.0259
0.8,0.0,0.0167
0.7,0.0,0.019
0.8,0.125,0.0008
0.7,0.0,0.0012
0.8,0.0,0.0008
0.7,0.0,0.001
0.8,0.0,0.0042
0.7,0.0,0.0071
0.8,0.125,0.001
0.7,0.0,0.001
0.8,0.125,0.001
0.8,0.0,0.0015
0.7,0.0,0.001
0.7,0.0,0.0095
0.7,0.0,0.0119
0.7,0.0,0.0119
0.7,0.0,0.0119
0.7,0.0,0.0024
0.7,0.0,0.0024
0.7,0.0,0.0
0.7,0.0,0.0024
0.7,0.0,0.0024
0.7,0.0,0.019
0.7,0.0,0.0024
0.7,0.0,0.0048
0.7,0.0,0.0071
0.7,0.0,0.0095
0.8,0.0,0.0083
0.7,0.0,0.0048
0.8,0.0,0.0083
0.7,0.0,0.0095
0.7,0.0,0.0048
0.8,0.125,0.0083
0.7,0.0,0.0048
0.8,0.125,0.0146
0.7,0.0,0.0
0.7,0.0,0.0024
0.7,0.0,0.0
0.6,0.0,0.0
0.7,0.143,0.0
0.7,0.0,0.0024
0.7,0.0,0.0
0.7,0.0,0.0024
0.7,0.0,0.0
0.7,0.0,0.0024
0.7,0.0,0.0
0.7,0.0,0.0071
0.7,0.0,0.0167
0.7,0.0,0.0
0.7,0.0,0.0048
0.7,0.0,0.0
0.7,0.0,0.0048
0.7,0.0,0.0
0.7,0.0,0.0024
0.7,0.0,0.0
0.7,0.0,0.0024
0.7,0.0,0.0
0.7,0.0,0.0024
0.7,0.0,0.0
0.7,0.0,0.0071
0.7,0.0,0.0024
0.7,0.0,0.0048
0.7,0.0,0.0024
0.7,0.0,0.0024
0.7,0.0,0.0
0.8,0.125,0.0021
0.8,0.0,0.0021
0.8,0.0,0.0021
0.7,0.0,0.0
0.8,0.125,0.0021
0.7,0.0,0.0
0.8,0.0,0.0021
0.7,0.0,0.0
0.8,0.0,0.0021
0.7,0.0,0.0
0.8,0.0,0.0042
0.7,0.0,0.0167
0.7,0.0,0.0214
0.7,0.0,0.0095
0.7,0.0,0.0024
0.7,0.0,0.0071
0.7,0.0,0.0024
0.7,0.0,0.0095
0.7,0.0,0.0024
0.7,0.0,0.0095
0.7,0.0,0.0024
0.7,0.0,0.0095
0.7,0.0,0.0
0.7,0.0,0.0048
0.7,0.0,0.0
0.7,0.0,0.0048
0.7,0.0,0.0
0.7,0.0,0.0048
0.7,0.0,0.0
1.0,0.0,0.0017
0.9,0.0,0.0
0.9,0.0,0.0037
0.9,0.0,0.0
0.8,0.0,0.0229
0.9,0.0,0.0167
0.9,0.0,0.0204
0.9,0.0,0.0167
0.8,0.0,0.0187
0.8,0.0,0.0083
0.8,0.125,0.0167
0.9,0.0,0.0037
0.9,0.0,0.0056
0.8,0.0,0.0021
0.7,0.0,0.0
0.8,0.0,0.0083
0.7,0.0,0.0024
0.8,0.0,0.0125
0.7,0.0,0.0024
0.9,0.222,0.0056
0.8,0.0,0.0021
0.8,0.0,0.0063
0.8,0.0,0.0063
0.7,0.0,0.0048
0.8,0.125,0.0
0.8,0.125,0.0042
0.9,0.111,0.0056
0.9,0.0,0.013
0.9,0.0,0.0111
0.9,0.111,0.0019
1.0,0.2,0.015
1.0,0.0,0.0233
0.9,0.0,0.0204
0.8,0.0,0.0208
0.8,0.0,0.0063
0.7,0.0,0.0095
0.8,0.125,0.0104
0.7,0.0,0.0095
0.7,0.0,0.0048
0.8,0.125,0.0104
0.7,0.0,0.0071
0.8,0.0,0.0083
0.8,0.0,0.0146
0.7,0.0,0.0119
0.8,0.0,0.0021
0.7,0.0,0.0048
0.8,0.0,0.0083
0.7,0.0,0.0095
0.8,0.0,0.0021
0.7,0.0,0.0
0.8,0.0,0.0083
0.7,0.0,0.0
0.7,0.0,0.0048
0.7,0.0,0.0
0.7,0.0,0.0214
0.7,0.0,0.0167
0.7,0.0,0.0214
0.7,0.0,0.0167
0.8,0.125,0.0208
0.7,0.0,0.0167
0.8,0.125,0.0208
0.7,0.0,0.0167
0.8,0.0,0.0167
0.7,0.0,0.0
0.8,0.0,0.0063
0.7,0.0,0.0
0.8,0.0,0.0104
0.7,0.0,0.0024
1.0,0.3,0.0117
0.9,0.0,0.0037
0.8,0.0,0.0021
0.9,0.0,0.0037
0.8,0.0,0.0021
0.8,0.0,0.0
0.8,0.0,0.0063
0.8,0.0,0.0
0.9,0.0,0.0002
1.0,0.0,0.0
1.0,0.0,0.0017
1.0,0.0,0.0017
1.0,0.0,0.0018
1.0,0.0,0.0018
1.0,0.0,0.0013
0.9,0.0,0.0019
0.8,0.0,0.0019
0.7,0.0,0.0021
0.7,0.0,0.0214
1.0,0.0,0.02
0.9,0.0,0.0185
0.8,0.0,0.0229
0.7,0.0,0.019
0.6,0.0,0.0139
0.9,0.0,0.0037
0.8,0.0,0.0104
0.8,0.0,0.0104
0.8,0.0,0.0187
0.9,0.0,0.0111
0.8,0.0,0.0083
0.7,0.0,0.0071
0.7,0.0,0.0095
0.6,0.0,0.0028
0.8,0.25,0.0187
0.8,0.0,0.0187
0.7,0.0,0.0238
0.7,0.0,0.0214
0.6,0.0,0.0028
0.7,0.0,0.0012
0.6,0.0,0.0
0.7,0.0,0.001
0.6,0.0,0.0
0.7,0.0,0.001
0.6,0.0,0.0
0.7,0.0,0.0005
0.6,0.0,0.0
0.7,0.0,0.0005
0.6,0.0,0.0
1.0,0.4,0.0008
1.0,0.0,0.001
0.9,0.0,0.0007
0.8,0.0,0.0002
0.7,0.0,0.0
0.9,0.0,0.0002
0.9,0.0,0.0011
0.9,0.0,0.003
0.8,0.0,0.0033
0.7,0.0,0.0014
0.6,0.0,0.0006
0.6,0.0,0.0028
0.6,0.0,0.0
0.6,0.0,0.0028
0.6,0.0,0.0
0.6,0.0,0.0
0.6,0.0,0.0
0.6,0.0,0.0056
0.6,0.0,0.0
0.8,0.0,0.0083
0.7,0.0,0.0048
0.8,0.125,0.0167
0.7,0.0,0.0095
0.6,0.0,0.0056
0.8,0.25,0.0
0.8,0.0,0.0083
0.8,0.0,0.0083
0.8,0.0,0.0167
0.7,0.0,0.0095
0.7,0.143,0.0
0.8,0.125,0.0
0.7,0.0,0.0
0.7,0.0,0.0
0.7,0.0,0.0071
0.7,0.0,0.0048
0.7,0.143,0.0071
0.8,0.0,0.0063
0.7,0.0,0.0071
0.8,0.0,0.0083
0.8,0.0,0.0125
0.8,0.125,0.0125
0.7,0.0,0.0119
0.7,0.0,0.0119
0.7,0.0,0.0048
0.8,0.0,0.0083
0.9,0.0,0.0204
0.8,0.0,0.0167
0.7,0.0,0.0095
0.8,0.0,0.0063
0.7,0.0,0.0
0.7,0.0,0.0024
0.6,0.0,0.0
0.7,0.0,0.0024
0.7,0.143,0.0
0.8,0.0,0.0042
0.7,0.0,0.0
0.6,0.0,0.0167
0.9,0.333,0.0093
0.8,0.0,0.0063
0.8,0.0,0.0042
0.8,0.0,0.0063
0.8,0.0,0.0042
0.8,0.0,0.0063
0.8,0.125,0.0063
0.9,0.111,0.0111
0.9,0.0,0.0111
0.8,0.0,0.0146
1.0,0.2,0.0083
1.0,0.0,0.0133
1.0,0.0,0.0117
0.9,0.0,0.013
0.9,0.0,0.013
1.0,0.1,0.015
0.9,0.0,0.0111
0.9,0.0,0.0185
0.9,0.0,0.0185
0.9,0.111,0.0185
0.8,0.0,0.0187
0.8,0.0,0.0104
0.8,0.0,0.0167
0.8,0.0,0.0125
0.8,0.0,0.0167
0.8,0.0,0.0104
0.8,0.0,0.0167
0.8,0.0,0.0146
0.7,0.0,0.0143
0.8,0.125,0.0104
0.8,0.0,0.0017
0.8,0.0,0.0015
0.7,0.0,0.0014
0.7,0.0,0.001
0.8,0.125,0.0013
0.8,0.0,0.001
0.8,0.0,0.0017
0.8,0.0,0.0015
0.7,0.0,0.0014
0.7,0.0,0.001
0.7,0.0,0.0014
0.7,0.0,0.001
0.7,0.0,0.0014
0.7,0.0,0.0095
0.7,0.0,0.0119
0.7,0.0,0.0095
0.7,0.0,0.0143
0.7,0.0,0.0095
0.8,0.0,0.0229
0.8,0.0,0.025
0.8,0.0,0.0229
0.8,0.0,0.025
0.8,0.0,0.0083
0.8,0.0,0.0125
0.8,0.0,0.0083
0.8,0.0,0.0187
0.8,0.0,0.0146
0.8,0.0,0.0229
0.8,0.0,0.0125
0.7,0.0,0.0238
0.8,0.0,0.0167
0.7,0.0,0.0143
0.7,0.0,0.0095
0.8,0.0,0.0125
0.7,0.0,0.0095
0.8,0.0,0.0167
0.6,0.0,0.0028
0.6,0.0,0.0056
0.9,0.333,0.0
0.8,0.0,0.0021
0.8,0.125,0.0
0.8,0.125,0.0021
0.8,0.125,0.0
0.8,0.0,0.0063
0.8,0.0,0.0042
0.8,0.0,0.0063
0.7,0.0,0.0
1.0,0.3,0.005
0.9,0.0,0.0056
0.9,0.0,0.0
0.9,0.0,0.0056
0.8,0.0,0.0
0.9,0.0,0.0037
0.9,0.111,0.0093
0.9,0.111,0.013
0.9,0.0,0.0111
0.8,0.0,0.0146
1.0,0.3,0.0
0.9,0.0,0.0056
0.9,0.0,0.0
0.9,0.0,0.0056
0.8,0.0,0.0
0.8,0.125,0.0021
0.8,0.125,0.0
0.9,0.111,0.0111
0.9,0.0,0.0056
0.8,0.0,0.025
0.9,0.222,0.0167
0.8,0.0,0.0208
0.8,0.0,0.0167
0.7,0.0,0.019
0.9,0.0,0.0074
0.8,0.0,0.0187
0.8,0.125,0.0167
0.8,0.0,0.0229
0.7,0.0,0.0071
1.0,0.5,0.0
1.0,0.083,0.0069
1.0,0.0,0.0131
1.0,0.0,0.0128
1.0,0.0,0.0083
1.0,0.0,0.0051
1.0,0.0,0.0042
1.0,0.0,0.0111
1.0,0.0,0.0181
1.0,0.0,0.0136
1.0,0.0,0.0067
0.9,0.0,0.0056
0.8,0.0,0.0
0.8,0.0,0.0063
0.8,0.0,0.0083
0.7,0.0,0.0071
0.7,0.0,0.0048
0.8,0.125,0.0104
0.8,0.0,0.0083
0.9,0.111,0.0037
0.9,0.0,0.0019
0.9,0.0,0.0037
0.8,0.0,0.0
0.8,0.125,0.0042
0.9,0.111,0.0019
0.9,0.0,0.0074
0.9,0.0,0.0037
0.9,0.0,0.0056
0.8,0.0,0.0021
1.0,0.2,0.0
1.0,0.091,0.003
1.0,0.0,0.0061
1.0,0.0,0.0033
1.0,0.091,0.0045
1.0,0.0,0.0017
1.0,0.0,0.0033
0.9,0.0,0.0056
0.8,0.0,0.0167
0.7,0.0,0.0167
0.9,0.222,0.0167
0.8,0.0,0.0208
0.8,0.125,0.0167
0.8,0.0,0.0208
0.8,0.0,0.0104
0.8,0.0,0.0167
0.8,0.0,0.0017
0.8,0.0,0.0021
0.8,0.0,0.0008
1.0,0.2,0.0005
1.0,0.0,0.0007
0.9,0.0,0.0006
0.9,0.0,0.0006
0.8,0.0,0.0002
1.0,0.0,0.0007
0.9,0.0,0.0007
0.9,0.0,0.0009
0.8,0.0,0.0008
0.8,0.0,0.001
1.0,0.273,0.0003
1.0,0.0,0.0007
1.0,0.0,0.0003
1.0,0.0,0.001
1.0,0.091,0.0005
1.0,0.0,0.0003
1.0,0.0,0.0018
1.0,0.0,0.0025
0.9,0.0,0.002
0.8,0.0,0.0019
0.8,0.0,0.0017
0.8,0.125,0.0019
0.8,0.0,0.0017
0.8,0.0,0.0021
0.8,0.0,0.0013
0.7,0.0,0.0019
0.8,0.0,0.0008
0.8,0.0,0.0008
0.7,0.0,0.0007
0.8,0.0,0.0013
0.7,0.0,0.0007
0.8,0.125,0.0013
0.7,0.0,0.001
0.8,0.0,0.0125
0.7,0.0,0.0071
0.8,0.0,0.0083
0.7,0.0,0.0071
0.8,0.125,0.0083
0.7,0.0,0.0071
0.9,0.222,0.0
0.9,0.0,0.0185
0.9,0.0,0.013
0.9,0.0,0.013
0.9,0.0,0.0111
0.8,0.0,0.0083
0.8,0.0,0.0063
0.8,0.0,0.0083
0.7,0.0,0.0048
1.0,0.3,0.0007
0.9,0.0,0.0006
0.9,0.0,0.0011
0.9,0.0,0.0006
0.8,0.0,0.0008
0.9,0.222,0.0
0.9,0.0,0.0007
0.9,0.111,0.0006
1.0,0.1,0.0015
0.9,0.0,0.0013
0.9,0.0,0.0002
0.9,0.0,0.0006
0.9,0.0,0.0015
0.9,0.0,0.0017
0.8,0.0,0.0021
0.7,0.0,0.0012
0.7,0.0,0.0019
0.7,0.0,0.0333
0.7,0.0,0.0238
0.7,0.0,0.0333
1.0,0.3,0.0333
0.9,0.0,0.0222
0.8,0.0,0.0208
0.7,0.0,0.019
0.9,0.0,0.0093
0.8,0.0,0.0125
0.9,0.0,0.0167
0.8,0.0,0.0125
0.7,0.0,0.0024
1.0,0.0,0.0017
0.9,0.0,0.0
0.9,0.0,0.0037
1.0,0.0,0.0
1.0,0.0,0.005
0.9,0.0,0.0
0.9,0.0,0.0019
0.8,0.0,0.0
0.8,0.125,0.0021
0.8,0.0,0.0
1.0,0.0,0.0017
1.0,0.0,0.0033
0.9,0.0,0.0204
0.8,0.0,0.0042
0.8,0.0,0.0021
0.9,0.0,0.0056
0.9,0.0,0.0056
0.9,0.0,0.0074
0.8,0.0,0.0021
1.0,0.0,0.003
1.0,0.0,0.0061
1.0,0.091,0.0121
1.0,0.0,0.0136
1.0,0.0,0.0167
1.0,0.0,0.005
0.9,0.0,0.0056
0.9,0.111,0.0056
0.9,0.0,0.0074
0.8,0.0,0.0021
0.9,0.0,0.0037
0.9,0.111,0.0019
0.9,0.0,0.0019
0.9,0.111,0.0
0.9,0.0,0.0019
0.9,0.111,0.0
0.9,0.0,0.0185
0.9,0.0,0.0167
0.9,0.0,0.0167
0.9,0.0,0.0167
1.0,0.385,0.0167
1.0,0.071,0.0019
1.0,0.0,0.0017
1.0,0.0,0.0019
1.0,0.077,0.0006
1.0,0.0,0.0013
1.0,0.0,0.0014
1.0,0.0,0.0011
1.0,0.0,0.0139
1.0,0.0,0.0061
1.0,0.0,0.005
1.0,0.1,0.0067
1.0,0.0,0.01
0.9,0.0,0.0037
0.9,0.111,0.0019
0.9,0.111,0.0037
0.9,0.0,0.0037
0.9,0.0,0.0019
0.9,0.0,0.0019
0.9,0.0,0.0167
0.8,0.0,0.0167
0.8,0.0,0.0167
0.8,0.0,0.0
0.8,0.0,0.0
0.8,0.0,0.0
0.8,0.0,0.0
0.8,0.0,0.0
0.8,0.0,0.0
0.8,0.0,0.0
0.8,0.0,0.0
0.8,0.0,0.0
0.8,0.0,0.0
0.8,0.0,0.0
0.8,0.0,0.0
0.8,0.0,0.0
0.8,0.0,0.0
0.8,0.0,0.0
0.8,0.0,0.0
0.8,0.0,0.0
0.8,0.0,0.0
0.8,0.0,0.0
0.8,0.125,0.0
0.8,0.0,0.0
0.8,0.0,0.0
0.8,0.0,0.0
0.8,0.0,0.0
0.8,0.0,0.0
0.8,0.0,0.0
1.0,0.0,0.0061
1.0,0.0,0.0033
1.0,0.0,0.0033
0.9,0.0,0.0
0.9,0.0,0.0
1.0,0.1,0.0
1.0,0.0,0.0017
1.0,0.0,0.0
1.0,0.0,0.0017
1.0,0.0,0.0
1.0,0.1,0.0033
1.0,0.0,0.0033
1.0,0.0,0.0067
0.9,0.0,0.0019
0.9,0.111,0.0019
1.0,0.1,0.005
0.9,0.0,0.0
0.9,0.0,0.0037
1.0,0.1,0.0017
1.0,0.0,0.0017
1.0,0.0,0.005
1.0,0.0,0.0017
1.0,0.0,0.0
1.0,0.0,0.01
1.0,0.0,0.01
1.0,0.091,0.0
1.0,0.0,0.0121
1.0,0.0,0.0121
1.0,0.0,0.0083
1.0,0.1,0.0033
0.9,0.0,0.0056
1.0,0.1,0.0083
0.9,0.0,0.0074
1.0,0.182,0.0106
1.0,0.0,0.0061
1.0,0.0,0.0076
1.0,0.154,0.0141
1.0,0.0,0.0167
1.0,0.0,0.0264
1.0,0.0,0.0136
1.0,0.0,0.0152
1.0,0.0,0.0061
1.0,0.0,0.0182
1.0,0.0,0.0091
1.0,0.0,0.0091
1.0,0.0,0.0182
1.0,0.0,0.0212
1.0,0.0,0.0076
1.0,0.0,0.0076
1.0,0.154,0.0218
1.0,0.0,0.0064
1.0,0.0,0.0141
1.0,0.0,0.0051
1.0,0.0,0.0115
1.0,0.0,0.0077
1.0,0.077,0.0192
1.0,0.0,0.0051
1.0,0.0,0.0077
1.0,0.0,0.0181
1.0,0.077,0.0115
1.0,0.0,0.0103
1.0,0.0,0.0064
1.0,0.0,0.0077
1.0,0.0,0.0083
1.0,0.0,0.0056
1.0,0.0,0.0097
1.0,0.0,0.0069
1.0,0.0,0.0042
1.0,0.0,0.0208
1.0,0.0,0.0056
1.0,0.0,0.0056
1.0,0.0,0.0069
1.0,0.0,0.0182
1.0,0.0,0.0076
1.0,0.083,0.0056
1.0,0.0,0.0045
1.0,0.0,0.005
1.0,0.0,0.0017
1.0,0.0,0.005
1.0,0.0,0.0017
1.0,0.0,0.0017
1.0,0.0,0.0067
1.0,0.0,0.0033
1.0,0.0,0.0017
1.0,0.0,0.0017
1.0,0.0,0.005
1.0,0.0,0.01
1.0,0.0,0.0
1.0,0.0,0.0017
1.0,0.0,0.0117
1.0,0.0,0.0083
1.0,0.0,0.0
1.0,0.0,0.0017
1.0,0.0,0.01
1.0,0.0,0.0133
1.0,0.091,0.0
1.0,0.0,0.0076
1.0,0.0,0.0136
1.0,0.0,0.0015
1.0,0.0,0.0091
1.0,0.0,0.0076
1.0,0.0,0.0045
1.0,0.0,0.005
1.0,0.0,0.0017
1.0,0.0,0.0
1.0,0.0,0.0033
1.0,0.0,0.0033
1.0,0.0,0.0
1.0,0.0,0.0033
1.0,0.0,0.0033
1.0,0.0,0.0
1.0,0.0,0.0033
1.0,0.0,0.0033
1.0,0.0,0.0017
1.0,0.0,0.0233
0.9,0.0,0.0056
0.9,0.0,0.0
0.9,0.0,0.0037
0.9,0.0,0.0167
1.0,0.1,0.0067
1.0,0.0,0.0033
1.0,0.0,0.0017
1.0,0.0,0.0083
1.0,0.0,0.0017
1.0,0.0,0.0017
1.0,0.0,0.01
1.0,0.091,0.0091
1.0,0.0,0.0015
1.0,0.0,0.003
1.0,0.0,0.0182
1.0,0.0,0.0091
1.0,0.0,0.0045
1.0,0.0,0.0015
1.0,0.0,0.0061
1.0,0.083,0.0056
1.0,0.0,0.0042
1.0,0.0,0.0194
1.0,0.077,0.0051
1.0,0.0,0.0051
1.0,0.0,0.0064
1.0,0.0,0.0069
1.0,0.0,0.0111
1.0,0.0,0.0015
1.0,0.0,0.0061
1.0,0.0,0.0045
1.0,0.0,0.003
1.0,0.0,0.003
1.0,0.0,0.0045
1.0,0.0,0.0076
1.0,0.0,0.0
1.0,0.0,0.0033
1.0,0.0,0.02
1.0,0.0,0.0017
1.0,0.0,0.02
1.0,0.0,0.005
1.0,0.0,0.0167
1.0,0.0,0.005
1.0,0.0,0.0183
1.0,0.0,0.005
1.0,0.0,0.0
1.0,0.167,0.0028
1.0,0.0,0.0056
1.0,0.0,0.0167
1.0,0.083,0.0028
1.0,0.0,0.0028
1.0,0.0,0.0194
1.0,0.0,0.0045
1.0,0.0,0.003
1.0,0.0,0.0167
1.0,0.0,0.003
1.0,0.0,0.003
1.0,0.0,0.0167
1.0,0.0,0.0076
1.0,0.0,0.0
1.0,0.0,0.0183
0.9,0.0,0.0037
1.0,0.0,0.0212
1.0,0.0,0.0167
1.0,0.0,0.0017
1.0,0.091,0.003
1.0,0.0,0.0197
1.0,0.0,0.0033
1.0,0.0,0.0017
1.0,0.167,0.0181
1.0,0.0,0.0083
1.0,0.0,0.0045
1.0,0.091,0.0076
1.0,0.0,0.0061
1.0,0.0,0.0136
1.0,0.0,0.0083
1.0,0.182,0.0015
1.0,0.0,0.0167
1.0,0.0,0.0045
1.0,0.0,0.0045
1.0,0.0,0.0
1.0,0.0,0.0045
1.0,0.0,0.0091
1.0,0.0,0.0091
1.0,0.083,0.0111
1.0,0.0,0.0076
1.0,0.0,0.0091
1.0,0.0,0.0083
1.0,0.091,0.0045
1.0,0.0,0.0061
1.0,0.0,0.0233
0.9,0.0,0.0
0.9,0.0,0.0
0.8,0.0,0.0
0.8,0.0,0.0019
0.8,0.0,0.0
0.9,0.0,0.0
0.9,0.0,0.0
1.0,0.1,0.0017
1.0,0.0,0.0183
1.0,0.0,0.005
0.9,0.0,0.0056
1.0,0.1,0.0067
1.0,0.0,0.0017
0.9,0.0,0.0
0.9,0.0,0.0167
0.9,0.0,0.0037
0.9,0.0,0.0
0.9,0.0,0.0056
0.9,0.0,0.0074
0.9,0.0,0.0037
0.9,0.0,0.0074
0.8,0.0,0.0042
1.0,0.2,0.005
1.0,0.0,0.01
0.9,0.0,0.0111
1.0,0.0,0.0153
1.0,0.0,0.0222
1.0,0.0,0.0182
1.0,0.0,0.0133
0.9,0.0,0.013
0.8,0.0,0.0083
0.8,0.125,0.0083
0.8,0.0,0.0063
0.7,0.0,0.0048
0.9,0.222,0.0019
0.9,0.0,0.0259
0.8,0.0,0.0104
0.7,0.0,0.0024
1.0,0.0,0.0218
1.0,0.0,0.0128
1.0,0.0,0.0083
1.0,0.077,0.0013
1.0,0.0,0.0115
1.0,0.0,0.0179
1.0,0.0,0.0167
1.0,0.0,0.0091
1.0,0.0,0.0183
1.0,0.0,0.0067
1.0,0.0,0.0017
1.0,0.0,0.0217
1.0,0.0,0.015
0.9,0.0,0.0167
0.8,0.0,0.0042
0.9,0.222,0.0185
0.9,0.0,0.013
0.9,0.0,0.0111
0.8,0.0,0.0021
0.8,0.0,0.0021
0.7,0.0,0.0095
0.7,0.0,0.0
0.7,0.0,0.0
0.7,0.0,0.0048
0.7,0.0,0.0
0.8,0.125,0.0187
0.8,0.0,0.0063
0.7,0.0,0.0
0.7,0.0,0.0
0.7,0.0,0.0024
0.8,0.125,0.0
0.9,0.111,0.0037
0.9,0.0,0.0
0.9,0.0,0.0056
0.9,0.0,0.0019
0.9,0.0,0.0
0.9,0.0,0.0037
0.8,0.0,0.0
0.8,0.125,0.0021
0.8,0.0,0.0
0.8,0.0,0.0
0.9,0.0,0.0019
0.8,0.0,0.0
0.8,0.125,0.0187
0.8,0.0,0.0042
1.0,0.273,0.0015
1.0,0.0,0.0091
1.0,0.0,0.0083
1.0,0.0,0.0
1.0,0.091,0.0091
1.0,0.0,0.0076
1.0,0.0,0.0083
1.0,0.091,0.0076
1.0,0.0,0.0045
1.0,0.0,0.0067
1.0,0.0,0.0
1.0,0.091,0.0091
1.0,0.0,0.0045
1.0,0.091,0.0061
1.0,0.0,0.0061
1.0,0.0,0.0
1.0,0.0,0.0076
1.0,0.0,0.0061
1.0,0.0,0.0076
1.0,0.0,0.0076
1.0,0.091,0.003
1.0,0.091,0.0
1.0,0.0,0.003
1.0,0.083,0.0042
1.0,0.0,0.0197
1.0,0.0,0.0045
1.0,0.0,0.0
1.0,0.0,0.003
1.0,0.091,0.003
1.0,0.0,0.0117
1.0,0.1,0.0017
1.0,0.0,0.0083
1.0,0.1,0.0033
1.0,0.091,0.0045
1.0,0.083,0.0028
1.0,0.0,0.0069
1.0,0.0,0.0
1.0,0.0,0.0056
1.0,0.0,0.0042
1.0,0.0,0.0182
1.0,0.0,0.003
1.0,0.0,0.0017
1.0,0.0,0.0017
1.0,0.0,0.0
1.0,0.1,0.0
1.0,0.091,0.0182
1.0,0.0,0.0015
1.0,0.0,0.0167
1.0,0.0,0.003
1.0,0.0,0.0061
1.0,0.0,0.0
1.0,0.0,0.003
1.0,0.0,0.0015
1.0,0.0,0.0167
1.0,0.091,0.003
1.0,0.0,0.015
1.0,0.1,0.0033
1.0,0.091,0.0167
1.0,0.0,0.003
1.0,0.0,0.0
1.0,0.091,0.003
1.0,0.0,0.0
1.0,0.0,0.0015
1.0,0.0,0.0045
1.0,0.0,0.0015
1.0,0.0,0.003
1.0,0.0,0.0015
1.0,0.0,0.0045
1.0,0.0,0.0015
1.0,0.0,0.0015
1.0,0.0,0.0
1.0,0.0,0.0182
1.0,0.0,0.0061
1.0,0.0,0.0182
1.0,0.0,0.0091
1.0,0.0,0.0091
1.0,0.0,0.0117
1.0,0.0,0.005
1.0,0.0,0.0067
0.9,0.0,0.0037
0.9,0.0,0.0056
0.9,0.0,0.0074
0.9,0.111,0.0037
1.0,0.1,0.0117
0.9,0.0,0.0
1.0,0.1,0.005
1.0,0.0,0.005
1.0,0.0,0.02
0.9,0.0,0.0056
1.0,0.1,0.0217
1.0,0.0,0.01
0.9,0.0,0.0
1.0,0.1,0.005
1.0,0.0,0.005
1.0,0.0,0.01
0.9,0.0,0.0
1.0,0.308,0.0077
1.0,0.0,0.0064
1.0,0.0,0.0194
1.0,0.0,0.0015
1.0,0.0,0.0
1.0,0.0,0.0042
