mac_fill,age_score,flood_pressure
0.0,0,0
0.0,0,0
0.0,0,0
0.0,0,0
0.0,0,0
0.0,0,0
0.0,0,0
1.9,1.0,0.002
1.9,0.0,0.006
1.9,0.0,0.007
1.9,0.0,0.011
1.9,0.0,0.013
1.9,0.0,0.006
1.9,0.0,0.009
1.9,0.0,0.011
1.9,0.0,0.015
1.9,0.0,0.018
1.9,0.0,0.021
1.9,0.0,0.025
1.9,0.0,0.02
1.9,0.0,0.023
1.9,0.0,0.024
1.9,0.0,0.027
1.9,0.0,0.027
1.9,0.0,0.028
1.9,0.0,0.03
1.9,0.0,0.033
1.9,0.0,0.036
1.9,0.0,0.039
2.0,0.05,0.03
2.0,0.0,0.037
2.1,0.048,0.038
2.1,0.0,0.041
2.2,0.045,0.034
2.2,0.0,0.037
2.3,0.043,0.037
2.3,0.0,0.041
2.4,0.042,0.036
2.4,0.0,0.039
2.4,0.0,0.034
2.4,0.0,0.038
2.4,0.0,0.035
2.4,0.0,0.038
2.4,0.0,0.031
2.4,0.0,0.034
2.4,0.0,0.023
2.4,0.0,0.027
2.4,0.0,0.03
2.4,0.0,0.031
2.4,0.0,0.034
2.4,0.0,0.037
2.4,0.0,0.041
2.4,0.0,0.044
2.4,0.0,0.047
2.4,0.0,0.051
2.4,0.0,0.054
2.4,0.0,0.057
2.4,0.0,0.061
2.4,0.0,0.059
2.4,0.0,0.062
2.4,0.0,0.065
2.4,0.0,0.068
2.4,0.0,0.071
2.4,0.0,0.074
2.4,0.0,0.077
2.4,0.0,0.08
2.4,0.0,0.083
2.4,0.0,0.086
2.4,0.0,0.081
2.4,0.0,0.087
2.4,0.0,0.09
2.4,0.0,0.093
2.4,0.0,0.096
2.4,0.0,0.099
2.4,0.0,0.102
2.4,0.0,0.106
2.4,0.0,0.109
2.4,0.0,0.092
2.4,0.0,0.096
2.4,0.0,0.099
2.4,0.0,0.102
2.4,0.0,0.105
2.4,0.0,0.108
2.4,0.0,0.111
2.4,0.0,0.114
2.4,0.0,0.101
2.4,0.0,0.104
2.4,0.0,0.107
2.4,0.0,0.111
2.4,0.0,0.106
2.4,0.0,0.109
2.4,0.0,0.113
2.4,0.0,0.116
2.4,0.0,0.105
2.4,0.0,0.109
2.4,0.0,0.108
2.4,0.0,0.112
2.4,0.0,0.068
2.4,0.0,0.072
2.4,0.0,0.066
2.4,0.0,0.069
2.4,0.0,0.052
2.4,0.0,0.055
2.4,0.0,0.057
2.4,0.0,0.06
2.4,0.0,0.063
2.4,0.0,0.066
2.4,0.0,0.071
2.4,0.0,0.074
2.4,0.0,0.071
2.4,0.0,0.074
2.4,0.0,0.042
2.4,0.0,0.045
2.4,0.0,0.045
2.4,0.0,0.048
2.4,0.0,0.051
2.4,0.0,0.048
2.4,0.0,0.05
2.4,0.0,0.053
2.4,0.0,0.05
2.4,0.0,0.053
2.4,0.0,0.056
2.4,0.0,0.059
2.4,0.0,0.062
2.4,0.0,0.065
2.4,0.0,0.068
2.4,0.0,0.058
2.4,0.0,0.061
2.4,0.0,0.064
2.4,0.0,0.067
2.4,0.0,0.07
2.4,0.0,0.072
2.4,0.0,0.075
2.4,0.0,0.078
2.4,0.0,0.081
2.4,0.0,0.084
2.4,0.0,0.072
2.4,0.0,0.075
2.4,0.0,0.078
2.4,0.0,0.081
2.4,0.0,0.084
2.4,0.0,0.086
2.4,0.0,0.089
2.4,0.0,0.096
2.4,0.0,0.098
2.4,0.0,0.102
2.4,0.0,0.089
2.4,0.0,0.092
2.4,0.0,0.095
2.4,0.0,0.097
2.4,0.0,0.1
2.4,0.0,0.102
2.4,0.0,0.104
2.4,0.0,0.107
2.4,0.0,0.11
2.4,0.0,0.108
2.4,0.0,0.111
2.4,0.0,0.114
2.4,0.0,0.116
2.4,0.0,0.119
2.4,0.0,0.122
2.4,0.0,0.125
2.4,0.0,0.128
2.4,0.0,0.131
2.4,0.0,0.134
2.4,0.0,0.12
2.4,0.0,0.123
2.4,0.0,0.126
2.4,0.0,0.129
2.4,0.0,0.132
2.4,0.0,0.135
2.4,0.0,0.138
2.4,0.0,0.14
2.4,0.0,0.143
2.4,0.0,0.146
2.4,0.0,0.12
2.4,0.0,0.123
2.4,0.0,0.126
2.4,0.0,0.128
2.4,0.0,0.131
2.4,0.0,0.133
2.4,0.0,0.136
2.4,0.0,0.139
2.4,0.0,0.142
2.4,0.0,0.145
2.4,0.0,0.129
2.4,0.0,0.132
2.4,0.0,0.136
2.4,0.0,0.139
2.4,0.0,0.142
2.4,0.0,0.144
2.4,0.0,0.147
2.4,0.0,0.151
2.4,0.0,0.154
2.4,0.0,0.133
2.4,0.0,0.136
2.4,0.0,0.123
2.4,0.0,0.126
2.4,0.0,0.129
2.4,0.0,0.131
2.4,0.0,0.117
2.4,0.0,0.121
2.4,0.0,0.124
2.4,0.0,0.127
2.4,0.0,0.122
2.4,0.0,0.125
2.4,0.0,0.111
2.4,0.0,0.118
2.4,0.0,0.121
2.4,0.0,0.122
2.4,0.0,0.124
2.4,0.0,0.127
2.4,0.0,0.13
2.4,0.0,0.12
2.4,0.0,0.106
2.4,0.0,0.109
2.4,0.0,0.112
2.4,0.0,0.115
2.4,0.0,0.112
2.4,0.0,0.115
2.4,0.0,0.118
2.4,0.0,0.121
2.4,0.0,0.124
2.4,0.0,0.113
2.4,0.0,0.116
2.4,0.0,0.119
2.4,0.0,0.122
2.4,0.0,0.125
2.4,0.0,0.112
2.4,0.0,0.116
2.4,0.0,0.119
2.4,0.0,0.122
2.4,0.0,0.126
2.4,0.0,0.085
2.4,0.0,0.088
2.4,0.0,0.091
2.4,0.0,0.069
2.4,0.0,0.072
2.4,0.0,0.075
2.4,0.0,0.078
2.4,0.0,0.081
2.4,0.0,0.084
2.4,0.0,0.087
2.4,0.0,0.086
2.4,0.0,0.089
2.4,0.0,0.092
2.4,0.0,0.096
2.4,0.0,0.098
2.4,0.0,0.1
2.4,0.0,0.103
2.4,0.0,0.106
2.4,0.0,0.109
2.4,0.0,0.062
2.4,0.0,0.058
2.4,0.0,0.062
2.4,0.0,0.064
2.4,0.0,0.068
2.4,0.0,0.07
2.4,0.0,0.074
2.4,0.0,0.077
2.4,0.0,0.08
2.4,0.0,0.083
2.4,0.0,0.077
2.4,0.0,0.059
2.4,0.0,0.061
2.4,0.0,0.063
2.4,0.0,0.065
2.4,0.0,0.068
2.4,0.0,0.059
2.4,0.0,0.061
2.4,0.0,0.064
2.4,0.0,0.066
2.4,0.0,0.065
2.4,0.0,0.067
2.4,0.0,0.07
2.4,0.0,0.072
2.4,0.0,0.074
2.4,0.0,0.076
2.4,0.0,0.078
2.4,0.0,0.081
2.4,0.0,0.083
2.4,0.0,0.085
2.4,0.0,0.083
2.4,0.0,0.085
2.4,0.0,0.087
2.4,0.0,0.09
2.4,0.0,0.092
2.4,0.0,0.093
2.4,0.0,0.096
2.4,0.0,0.098
2.4,0.0,0.1
2.4,0.0,0.106
2.4,0.0,0.104
2.4,0.0,0.106
2.4,0.0,0.108
2.4,0.0,0.11
2.4,0.0,0.113
2.4,0.0,0.114
2.4,0.0,0.117
2.4,0.0,0.119
2.4,0.0,0.122
2.4,0.0,0.124
2.4,0.0,0.117
2.4,0.0,0.119
2.4,0.0,0.121
2.4,0.0,0.123
2.4,0.0,0.126
2.4,0.0,0.128
2.4,0.0,0.13
2.4,0.0,0.133
2.4,0.0,0.135
2.4,0.0,0.137
2.4,0.0,0.138
2.4,0.0,0.14
2.4,0.0,0.143
2.4,0.0,0.145
2.4,0.0,0.147
2.4,0.0,0.149
2.4,0.0,0.152
2.4,0.0,0.154
2.4,0.0,0.156
2.4,0.0,0.156
2.4,0.0,0.158
2.4,0.0,0.161
2.4,0.0,0.163
2.4,0.0,0.166
2.4,0.0,0.168
2.4,0.0,0.17
2.4,0.0,0.172
2.4,0.0,0.175
2.4,0.0,0.181
2.4,0.0,0.167
2.4,0.0,0.169
2.4,0.0,0.171
2.4,0.0,0.173
2.4,0.0,0.176
2.4,0.0,0.178
2.4,0.0,0.18
2.4,0.0,0.182
2.4,0.0,0.184
2.4,0.0,0.187
2.4,0.0,0.189
2.4,0.0,0.191
2.4,0.0,0.192
2.4,0.0,0.194
2.4,0.0,0.197
2.4,0.0,0.199
2.4,0.0,0.201
2.4,0.0,0.203
2.4,0.0,0.206
2.4,0.0,0.208
2.4,0.0,0.186
2.4,0.0,0.189
2.4,0.0,0.191
2.4,0.0,0.193
2.4,0.0,0.196
2.4,0.0,0.196
2.4,0.0,0.199
2.4,0.0,0.201
2.4,0.0,0.203
2.4,0.0,0.206
2.4,0.0,0.208
2.4,0.0,0.21
2.4,0.0,0.212
2.4,0.0,0.214
2.4,0.0,0.22
2.4,0.0,0.222
2.4,0.0,0.224
2.4,0.0,0.226
2.4,0.0,0.229
2.4,0.0,0.217
2.4,0.0,0.219
2.4,0.0,0.222
2.4,0.0,0.225
2.4,0.0,0.227
2.4,0.0,0.229
2.4,0.0,0.232
2.4,0.0,0.235
2.4,0.0,0.237
2.4,0.0,0.24
2.4,0.0,0.242
2.4,0.0,0.244
2.4,0.0,0.247
2.4,0.0,0.25
2.4,0.0,0.252
2.4,0.0,0.255
2.4,0.0,0.258
2.4,0.0,0.26
2.4,0.0,0.263
2.4,0.0,0.266
2.4,0.0,0.247
2.4,0.0,0.25
2.4,0.0,0.252
2.4,0.0,0.255
2.4,0.0,0.257
2.4,0.0,0.259
2.4,0.0,0.261
2.4,0.0,0.264
2.4,0.0,0.266
2.4,0.0,0.264
2.4,0.0,0.267
2.4,0.0,0.269
2.4,0.0,0.271
2.4,0.0,0.274
2.4,0.0,0.277
2.4,0.0,0.279
2.4,0.0,0.282
2.4,0.0,0.284
2.4,0.0,0.287
2.4,0.0,0.287
2.4,0.0,0.29
2.4,0.0,0.292
2.4,0.0,0.295
2.4,0.0,0.298
2.4,0.0,0.299
2.4,0.0,0.302
2.4,0.0,0.305
2.4,0.0,0.307
2.4,0.0,0.31
2.4,0.0,0.299
2.4,0.0,0.301
2.4,0.0,0.303
2.4,0.0,0.306
2.4,0.0,0.308
2.4,0.0,0.31
2.4,0.0,0.312
2.4,0.0,0.315
2.4,0.0,0.317
2.4,0.0,0.287
2.4,0.0,0.273
2.4,0.0,0.275
2.4,0.0,0.278
2.4,0.0,0.28
2.4,0.0,0.283
2.4,0.0,0.286
2.4,0.0,0.289
2.4,0.0,0.291
2.4,0.0,0.294
2.4,0.0,0.297
2.4,0.0,0.296
2.4,0.0,0.298
2.4,0.0,0.301
2.4,0.0,0.303
2.4,0.0,0.306
2.4,0.0,0.207
2.4,0.0,0.21
2.4,0.0,0.212
2.4,0.0,0.215
2.4,0.0,0.175
2.4,0.0,0.178
2.4,0.0,0.18
2.4,0.0,0.182
2.4,0.0,0.185
2.4,0.0,0.187
2.4,0.0,0.189
2.4,0.0,0.192
2.4,0.0,0.194
2.4,0.0,0.197
2.4,0.0,0.169
2.4,0.0,0.171
2.4,0.0,0.133
2.4,0.0,0.136
2.4,0.0,0.138
2.4,0.0,0.14
2.4,0.0,0.143
2.4,0.0,0.146
2.4,0.0,0.149
2.4,0.0,0.152
2.4,0.0,0.152
2.4,0.0,0.155
2.4,0.0,0.158
2.4,0.0,0.161
2.4,0.0,0.164
2.4,0.0,0.166
2.4,0.0,0.169
2.4,0.0,0.172
2.4,0.0,0.151
2.4,0.0,0.154
2.4,0.0,0.158
2.4,0.0,0.16
2.4,0.0,0.163
2.4,0.0,0.167
2.4,0.0,0.17
2.4,0.0,0.173
2.4,0.0,0.176
2.4,0.0,0.179
2.4,0.0,0.182
2.4,0.0,0.185
2.4,0.0,0.167
2.4,0.0,0.17
2.4,0.0,0.173
2.4,0.0,0.176
2.4,0.0,0.178
2.4,0.0,0.181
2.4,0.0,0.184
2.4,0.0,0.187
2.4,0.0,0.19
2.4,0.0,0.193
2.4,0.0,0.178
2.4,0.0,0.181
2.4,0.0,0.184
2.4,0.0,0.187
2.4,0.0,0.189
2.4,0.0,0.192
2.4,0.0,0.195
2.4,0.0,0.198
2.4,0.0,0.2
2.4,0.0,0.203
2.4,0.0,0.194
2.4,0.0,0.135
2.4,0.0,0.137
2.4,0.0,0.14
2.4,0.0,0.142
2.4,0.0,0.145
2.4,0.0,0.147
2.4,0.0,0.149
2.4,0.0,0.152
2.4,0.0,0.155
2.4,0.0,0.151
2.4,0.0,0.154
2.4,0.0,0.16
2.4,0.0,0.163
2.4,0.0,0.165
2.4,0.0,0.168
2.4,0.0,0.17
2.4,0.0,0.159
2.4,0.0,0.162
2.4,0.0,0.162
2.4,0.0,0.165
2.4,0.0,0.168
2.4,0.0,0.17
2.4,0.0,0.173
2.4,0.0,0.175
2.4,0.0,0.178
2.4,0.0,0.18
2.4,0.0,0.183
2.4,0.0,0.186
2.4,0.0,0.16
2.4,0.0,0.162
2.4,0.0,0.165
2.4,0.0,0.167
2.4,0.0,0.129
2.4,0.0,0.131
2.4,0.0,0.134
2.4,0.0,0.136
2.4,0.0,0.139
2.4,0.0,0.142
2.4,0.0,0.144
2.4,0.0,0.147
2.4,0.0,0.149
2.4,0.0,0.152
2.4,0.0,0.155
2.4,0.0,0.157
2.4,0.0,0.16
2.4,0.0,0.163
2.4,0.0,0.166
2.4,0.0,0.169
2.4,0.0,0.157
2.4,0.0,0.16
2.4,0.0,0.163
2.4,0.0,0.166
2.4,0.0,0.169
2.4,0.0,0.171
2.4,0.0,0.175
2.4,0.0,0.177
2.4,0.0,0.18
2.4,0.0,0.183
2.4,0.0,0.179
2.4,0.0,0.182
2.4,0.0,0.185
2.4,0.0,0.188
2.4,0.0,0.191
2.4,0.0,0.193
2.4,0.0,0.18
2.4,0.0,0.182
2.4,0.0,0.186
2.4,0.0,0.188
2.4,0.0,0.184
2.4,0.0,0.187
2.4,0.0,0.189
2.4,0.0,0.192
2.4,0.0,0.194
2.4,0.0,0.197
2.4,0.0,0.199
2.4,0.0,0.202
2.4,0.0,0.205
2.4,0.0,0.207
2.4,0.0,0.21
2.4,0.0,0.212
2.4,0.0,0.215
2.4,0.0,0.218
2.4,0.0,0.22
2.4,0.0,0.226
2.4,0.0,0.228
2.4,0.0,0.232
2.4,0.0,0.235
2.4,0.0,0.238
2.4,0.0,0.241
2.4,0.0,0.244
2.4,0.0,0.247
2.4,0.0,0.25
2.4,0.0,0.253
2.4,0.0,0.256
2.4,0.0,0.259
2.4,0.0,0.262
2.4,0.0,0.265
2.4,0.0,0.241
2.4,0.0,0.243
2.4,0.0,0.246
2.4,0.0,0.249
2.4,0.0,0.252
2.4,0.0,0.254
2.4,0.0,0.257
2.4,0.0,0.259
2.4,0.0,0.262
2.4,0.0,0.265
2.4,0.0,0.268
2.4,0.0,0.271
2.4,0.0,0.274
2.4,0.0,0.277
2.4,0.0,0.28
2.4,0.0,0.283
2.4,0.0,0.286
2.4,0.0,0.289
2.4,0.0,0.292
2.4,0.0,0.295
2.4,0.0,0.298
2.4,0.0,0.301
2.4,0.0,0.304
2.4,0.0,0.307
2.4,0.0,0.31
2.4,0.0,0.313
2.4,0.0,0.316
2.4,0.0,0.32
2.4,0.0,0.322
2.4,0.0,0.326
2.4,0.0,0.322
2.4,0.0,0.326
2.4,0.0,0.328
2.4,0.0,0.332
2.4,0.0,0.334
2.4,0.0,0.337
2.4,0.0,0.34
2.4,0.0,0.343
2.4,0.0,0.346
2.4,0.0,0.348
2.4,0.0,0.322
2.4,0.0,0.325
2.4,0.0,0.327
2.4,0.0,0.33
2.4,0.0,0.333
2.4,0.0,0.336
2.4,0.0,0.339
2.4,0.0,0.342
2.4,0.0,0.345
2.4,0.0,0.347
2.4,0.0,0.35
2.4,0.0,0.353
2.4,0.0,0.356
2.4,0.0,0.359
2.4,0.0,0.362
2.4,0.0,0.365
2.4,0.0,0.368
2.4,0.0,0.371
2.4,0.0,0.374
2.4,0.0,0.377
2.4,0.0,0.38
2.4,0.0,0.382
2.4,0.0,0.385
2.4,0.0,0.388
2.4,0.0,0.391
2.4,0.0,0.394
2.4,0.0,0.4
2.4,0.0,0.403
2.4,0.0,0.406
2.4,0.0,0.409
2.4,0.0,0.403
2.4,0.0,0.406
2.4,0.0,0.409
2.4,0.0,0.412
2.4,0.0,0.415
2.4,0.0,0.417
2.4,0.0,0.42
2.4,0.0,0.423
2.4,0.0,0.425
2.4,0.0,0.427
2.4,0.0,0.43
2.4,0.0,0.433
2.4,0.0,0.436
2.4,0.0,0.438
2.4,0.0,0.441
2.4,0.0,0.444
2.4,0.0,0.447
2.4,0.0,0.45
2.4,0.0,0.453
2.4,0.0,0.448
2.4,0.0,0.451
2.4,0.0,0.454
2.4,0.0,0.457
2.4,0.0,0.459
2.4,0.0,0.462
2.4,0.0,0.465
2.4,0.0,0.468
2.4,0.0,0.47
2.4,0.0,0.474
2.4,0.0,0.445
2.4,0.0,0.448
2.4,0.0,0.45
2.4,0.0,0.453
2.4,0.0,0.456
2.4,0.0,0.459
2.4,0.0,0.462
2.4,0.0,0.465
2.4,0.0,0.467
2.4,0.0,0.471
2.4,0.0,0.45
2.4,0.0,0.453
2.4,0.0,0.456
2.4,0.0,0.458
2.4,0.0,0.461
2.4,0.0,0.464
2.4,0.0,0.467
2.4,0.0,0.47
2.3,0.0,0.45
2.3,0.0,0.453
2.3,0.0,0.405
2.3,0.0,0.408
2.3,0.0,0.411
2.3,0.0,0.414
2.3,0.0,0.417
2.3,0.0,0.418
2.3,0.0,0.421
2.3,0.0,0.424
2.3,0.0,0.427
2.3,0.0,0.43
2.3,0.0,0.429
2.3,0.0,0.432
2.3,0.0,0.435
2.3,0.0,0.438
2.3,0.0,0.44
2.0,0.0,0.359
2.0,0.0,0.362
2.0,0.0,0.365
2.0,0.0,0.367
2.0,0.0,0.37
2.0,0.0,0.372
2.0,0.0,0.375
2.0,0.0,0.378
2.0,0.0,0.381
2.0,0.0,0.384
2.0,0.0,0.387
2.0,0.0,0.393
2.0,0.0,0.395
2.0,0.0,0.398
2.0,0.0,0.401
2.0,0.0,0.322
2.0,0.0,0.324
2.0,0.0,0.327
2.0,0.0,0.33
2.0,0.0,0.333
2.0,0.0,0.335
2.0,0.0,0.338
2.0,0.0,0.341
2.0,0.0,0.343
2.0,0.0,0.346
2.0,0.0,0.301
2.0,0.0,0.303
2.0,0.0,0.306
2.0,0.0,0.309
2.0,0.0,0.312
2.0,0.0,0.314
2.0,0.0,0.317
2.0,0.0,0.32
2.0,0.0,0.323
2.0,0.0,0.283
2.0,0.0,0.286
2.0,0.0,0.289
2.0,0.0,0.292
2.0,0.0,0.294
2.0,0.0,0.296
2.0,0.0,0.299
2.0,0.0,0.302
2.0,0.0,0.305
2.0,0.0,0.308
2.0,0.0,0.299
2.0,0.0,0.302
2.0,0.0,0.305
2.0,0.0,0.308
2.0,0.0,0.311
2.0,0.0,0.314
2.0,0.0,0.317
2.0,0.0,0.32
2.0,0.0,0.322
2.0,0.0,0.325
2.0,0.0,0.328
2.0,0.0,0.331
2.0,0.0,0.333
2.0,0.0,0.336
2.0,0.0,0.339
2.0,0.0,0.342
2.0,0.0,0.345
2.0,0.0,0.347
2.0,0.0,0.35
2.0,0.0,0.353
1.9,0.0,0.293
1.9,0.0,0.296
1.9,0.0,0.298
1.9,0.0,0.301
1.9,0.0,0.303
1.9,0.0,0.305
1.9,0.0,0.308
1.9,0.0,0.31
1.9,0.0,0.313
1.9,0.0,0.315
1.9,0.0,0.31
1.9,0.0,0.312
1.9,0.0,0.315
1.9,0.0,0.318
1.9,0.0,0.32
1.9,0.0,0.325
1.9,0.0,0.328
1.9,0.0,0.331
1.9,0.0,0.334
1.9,0.0,0.336
1.9,0.0,0.29
1.9,0.0,0.293
1.9,0.0,0.295
1.9,0.0,0.298
1.9,0.0,0.3
1.9,0.0,0.302
1.9,0.0,0.304
1.9,0.0,0.307
1.9,0.0,0.309
1.7,0.0,0.231
1.8,0.056,0.191
1.8,0.0,0.193
1.7,0.0,0.148
1.7,0.0,0.15
1.7,0.0,0.152
1.7,0.0,0.152
1.7,0.0,0.154
1.7,0.0,0.157
1.7,0.0,0.158
1.7,0.0,0.155
1.7,0.0,0.157
1.7,0.0,0.16
1.7,0.0,0.162
1.7,0.0,0.165
1.7,0.0,0.167
1.7,0.0,0.168
1.7,0.0,0.17
1.7,0.0,0.173
1.7,0.0,0.175
1.7,0.0,0.159
1.7,0.0,0.161
1.7,0.0,0.163
1.7,0.0,0.166
1.7,0.0,0.169
1.7,0.0,0.17
1.7,0.0,0.173
1.7,0.0,0.175
1.7,0.0,0.178
1.7,0.0,0.18
1.7,0.0,0.139
1.7,0.0,0.141
1.7,0.0,0.144
1.7,0.0,0.146
1.7,0.0,0.149
1.7,0.0,0.149
1.6,0.0,0.099
1.6,0.0,0.101
1.6,0.0,0.104
1.6,0.0,0.106
1.7,0.059,0.084
1.7,0.0,0.087
1.7,0.0,0.089
1.7,0.0,0.092
1.7,0.0,0.095
1.7,0.0,0.095
1.7,0.0,0.097
1.8,0.056,0.092
1.8,0.0,0.095
1.8,0.0,0.098
1.9,0.053,0.092
1.9,0.0,0.095
1.9,0.0,0.101
1.9,0.0,0.103
1.9,0.0,0.106
1.9,0.0,0.108
1.9,0.0,0.11
1.9,0.0,0.113
1.9,0.0,0.116
1.9,0.0,0.118
1.9,0.0,0.094
1.9,0.0,0.096
1.9,0.0,0.098
1.9,0.0,0.1
1.9,0.0,0.102
1.9,0.0,0.104
1.9,0.0,0.106
1.9,0.0,0.108
1.9,0.0,0.111
1.9,0.0,0.113
1.9,0.0,0.079
1.9,0.0,0.081
1.9,0.0,0.084
1.9,0.0,0.086
1.9,0.0,0.088
1.9,0.0,0.09
1.9,0.0,0.092
1.9,0.0,0.095
1.9,0.0,0.097
1.9,0.0,0.099
2.0,0.05,0.055
2.0,0.0,0.056
2.0,0.0,0.058
2.0,0.0,0.06
2.0,0.0,0.062
2.0,0.0,0.064
2.0,0.0,0.066
2.0,0.0,0.068
2.0,0.0,0.07
2.0,0.0,0.053
2.0,0.0,0.055
2.0,0.0,0.057
2.0,0.0,0.06
2.0,0.0,0.062
2.0,0.0,0.064
2.0,0.0,0.065
2.2,0.091,0.062
2.2,0.0,0.064
2.2,0.0,0.067
2.2,0.0,0.037
2.2,0.0,0.039
2.2,0.0,0.041
2.2,0.0,0.043
2.2,0.0,0.046
2.2,0.0,0.047
2.2,0.0,0.049
2.2,0.0,0.051
2.2,0.0,0.053
2.2,0.0,0.055
2.2,0.0,0.055
2.2,0.0,0.057
2.2,0.0,0.059
2.2,0.0,0.058
2.2,0.0,0.06
2.2,0.0,0.062
2.2,0.0,0.063
2.2,0.0,0.066
2.2,0.0,0.068
2.2,0.0,0.071
2.2,0.0,0.056
2.2,0.0,0.059
2.2,0.0,0.061
2.2,0.0,0.063
2.2,0.0,0.065
2.2,0.0,0.066
2.2,0.0,0.068
2.2,0.0,0.071
2.2,0.0,0.073
2.2,0.0,0.07
2.2,0.0,0.072
2.2,0.0,0.074
2.2,0.0,0.076
2.2,0.0,0.078
2.2,0.0,0.08
2.2,0.0,0.086
2.2,0.0,0.088
2.2,0.0,0.09
2.2,0.0,0.092
2.2,0.0,0.093
2.2,0.0,0.08
2.2,0.0,0.082
2.2,0.0,0.084
2.2,0.0,0.086
2.2,0.0,0.088
2.2,0.0,0.09
2.2,0.0,0.092
2.2,0.0,0.094
2.2,0.0,0.095
2.2,0.0,0.098
2.2,0.0,0.094
2.2,0.0,0.096
2.2,0.0,0.098
2.2,0.0,0.1
2.2,0.0,0.102
2.2,0.0,0.104
2.2,0.0,0.106
2.2,0.0,0.108
2.2,0.0,0.11
2.2,0.0,0.113
2.2,0.0,0.103
2.2,0.0,0.106
2.2,0.0,0.1
2.2,0.0,0.103
2.2,0.0,0.104
2.2,0.0,0.106
2.2,0.0,0.108
2.2,0.0,0.11
2.2,0.0,0.112
2.2,0.0,0.115
2.2,0.0,0.116
2.2,0.0,0.119
2.2,0.0,0.12
2.2,0.0,0.122
2.2,0.0,0.124
2.2,0.0,0.126
2.2,0.0,0.128
2.2,0.0,0.13
2.2,0.0,0.118
2.2,0.0,0.109
2.2,0.0,0.111
2.2,0.0,0.113
2.2,0.0,0.115
2.2,0.0,0.117
2.2,0.0,0.118
2.2,0.0,0.12
2.2,0.0,0.122
2.2,0.0,0.124
2.2,0.0,0.126
2.2,0.0,0.119
2.2,0.0,0.121
2.2,0.0,0.123
2.2,0.0,0.125
2.2,0.0,0.127
2.3,0.043,0.122
2.3,0.0,0.124
2.3,0.0,0.126
2.3,0.0,0.129
2.3,0.0,0.131
2.3,0.0,0.133
2.3,0.0,0.136
2.3,0.0,0.138
2.3,0.0,0.141
2.3,0.0,0.143
2.3,0.0,0.145
2.3,0.0,0.148
2.3,0.0,0.15
2.3,0.0,0.153
2.3,0.0,0.159
2.3,0.0,0.159
2.3,0.0,0.161
2.3,0.0,0.164
2.3,0.0,0.167
2.3,0.0,0.169
2.3,0.0,0.171
2.3,0.0,0.173
2.3,0.0,0.176
2.3,0.0,0.178
2.3,0.0,0.181
2.3,0.0,0.18
2.3,0.0,0.182
2.3,0.0,0.185
2.3,0.0,0.187
2.3,0.0,0.189
2.3,0.0,0.191
2.3,0.0,0.194
2.3,0.0,0.191
2.3,0.0,0.193
2.3,0.0,0.196
2.3,0.0,0.178
2.3,0.0,0.18
2.3,0.0,0.183
2.3,0.0,0.185
2.3,0.0,0.188
2.3,0.0,0.189
2.3,0.0,0.192
2.3,0.0,0.194
2.3,0.0,0.197
2.3,0.0,0.199
2.3,0.0,0.198
2.3,0.0,0.2
2.3,0.0,0.203
2.3,0.0,0.206
2.3,0.0,0.208
2.3,0.0,0.21
2.3,0.0,0.212
2.3,0.0,0.215
2.3,0.0,0.217
2.3,0.0,0.22
2.3,0.0,0.218
2.3,0.0,0.221
2.3,0.0,0.223
2.3,0.0,0.225
2.3,0.0,0.228
2.3,0.0,0.23
2.3,0.0,0.232
2.3,0.0,0.235
2.3,0.0,0.237
2.3,0.0,0.213
2.3,0.0,0.215
2.3,0.0,0.218
2.3,0.0,0.22
2.3,0.0,0.223
2.3,0.0,0.225
2.3,0.0,0.228
2.3,0.0,0.23
2.3,0.0,0.233
2.3,0.0,0.235
2.3,0.0,0.238
2.3,0.0,0.24
2.3,0.0,0.243
2.3,0.0,0.245
2.3,0.0,0.248
2.3,0.0,0.25
2.3,0.0,0.253
2.4,0.042,0.244
2.4,0.0,0.247
2.4,0.0,0.249
2.4,0.0,0.249
2.4,0.0,0.251
2.4,0.0,0.254
2.4,0.0,0.256
2.4,0.0,0.262
2.4,0.0,0.264
2.4,0.0,0.267
2.4,0.0,0.27
2.4,0.0,0.273
2.4,0.0,0.275
2.4,0.0,0.277
2.4,0.0,0.279
2.4,0.0,0.282
2.4,0.0,0.284
2.4,0.0,0.287
2.4,0.0,0.289
2.4,0.0,0.292
2.4,0.0,0.294
2.4,0.0,0.297
2.4,0.0,0.299
2.4,0.0,0.299
2.4,0.0,0.301
2.4,0.0,0.304
2.4,0.0,0.306
2.4,0.0,0.308
2.4,0.0,0.311
2.4,0.0,0.313
2.4,0.0,0.316
2.4,0.0,0.318
2.4,0.0,0.32
2.4,0.0,0.287
2.4,0.0,0.29
2.4,0.0,0.292
2.4,0.0,0.294
2.4,0.0,0.297
2.4,0.0,0.298
2.4,0.0,0.3
2.4,0.0,0.302
2.4,0.0,0.305
2.4,0.0,0.307
2.4,0.0,0.297
2.4,0.0,0.299
2.4,0.0,0.302
2.4,0.0,0.304
2.4,0.0,0.306
2.4,0.0,0.308
2.4,0.0,0.31
2.4,0.0,0.313
2.4,0.0,0.315
2.4,0.0,0.317
2.4,0.0,0.302
2.4,0.0,0.304
2.4,0.0,0.306
2.4,0.0,0.309
2.4,0.0,0.311
2.4,0.0,0.313
2.4,0.0,0.316
2.4,0.0,0.318
2.4,0.0,0.32
2.4,0.0,0.323
2.4,0.0,0.325
2.4,0.0,0.328
2.4,0.0,0.33
2.4,0.0,0.332
2.4,0.0,0.335
2.4,0.0,0.337
2.3,0.0,0.311
2.3,0.0,0.313
2.3,0.0,0.315
2.3,0.0,0.299
2.3,0.0,0.302
2.3,0.0,0.307
2.3,0.0,0.308
2.3,0.0,0.31
2.3,0.0,0.312
2.3,0.0,0.314
2.3,0.0,0.316
2.3,0.0,0.318
2.3,0.0,0.32
2.3,0.0,0.322
2.3,0.0,0.325
2.3,0.0,0.327
2.3,0.0,0.329
2.3,0.0,0.332
2.3,0.0,0.334
2.3,0.0,0.337
2.3,0.0,0.339
2.3,0.0,0.342
2.3,0.0,0.344
2.3,0.0,0.341
2.3,0.0,0.343
2.3,0.0,0.346
2.3,0.0,0.348
2.3,0.0,0.35
2.3,0.0,0.353
2.3,0.0,0.355
2.3,0.0,0.358
2.3,0.0,0.36
2.2,0.0,0.334
2.2,0.0,0.332
2.2,0.0,0.335
2.2,0.0,0.337
2.2,0.0,0.339
2.2,0.0,0.341
2.2,0.0,0.343
2.2,0.0,0.346
2.2,0.0,0.348
2.2,0.0,0.351
2.2,0.0,0.353
2.2,0.0,0.351
2.2,0.0,0.353
2.2,0.0,0.355
2.2,0.0,0.358
2.2,0.0,0.36
2.0,0.0,0.298
2.0,0.0,0.301
2.0,0.0,0.303
2.0,0.0,0.305
2.0,0.0,0.307
2.0,0.0,0.283
2.0,0.0,0.285
2.0,0.0,0.287
2.0,0.0,0.289
2.0,0.0,0.291
2.0,0.0,0.293
2.0,0.0,0.295
2.0,0.0,0.297
2.0,0.0,0.299
2.0,0.0,0.252
2.0,0.0,0.254
2.0,0.0,0.257
2.0,0.0,0.259
2.0,0.0,0.261
2.0,0.0,0.263
2.0,0.0,0.267
2.0,0.0,0.269
2.0,0.0,0.271
2.0,0.0,0.273
2.0,0.0,0.275
2.0,0.0,0.277
2.0,0.0,0.279
2.0,0.0,0.282
1.9,0.0,0.246
1.9,0.0,0.248
1.9,0.0,0.25
1.9,0.0,0.252
1.9,0.0,0.254
1.9,0.0,0.257
1.9,0.0,0.259
1.9,0.0,0.261
1.9,0.0,0.263
1.9,0.0,0.265
1.9,0.0,0.267
1.9,0.0,0.27
1.9,0.0,0.272
1.9,0.0,0.273
1.9,0.0,0.276
1.9,0.0,0.278
1.9,0.0,0.28
1.9,0.0,0.282
1.9,0.0,0.284
1.9,0.0,0.287
1.9,0.0,0.289
1.9,0.0,0.291
1.9,0.0,0.293
1.9,0.0,0.296
1.9,0.0,0.298
1.9,0.0,0.301
1.9,0.0,0.303
1.9,0.0,0.306
1.9,0.0,0.308
1.9,0.0,0.311
1.9,0.0,0.313
1.9,0.0,0.316
1.9,0.0,0.319
1.9,0.0,0.321
1.9,0.0,0.324
1.8,0.0,0.289
1.8,0.0,0.292
1.8,0.0,0.294
1.8,0.0,0.297
1.8,0.0,0.299
1.8,0.0,0.302
1.8,0.0,0.304
1.8,0.0,0.307
1.8,0.0,0.31
1.8,0.0,0.312
1.8,0.0,0.315
1.8,0.0,0.313
1.8,0.0,0.316
1.8,0.0,0.318
1.8,0.0,0.32
1.8,0.0,0.322
1.8,0.0,0.325
1.8,0.0,0.327
1.8,0.0,0.33
1.8,0.0,0.335
1.9,0.053,0.288
1.9,0.0,0.291
1.9,0.0,0.293
1.9,0.0,0.296
1.9,0.0,0.298
1.9,0.0,0.298
1.9,0.0,0.301
1.9,0.0,0.303
1.9,0.0,0.306
1.9,0.0,0.309
1.9,0.0,0.243
1.9,0.0,0.246
1.9,0.0,0.248
1.9,0.0,0.251
1.8,0.0,0.212
1.8,0.0,0.214
1.8,0.0,0.216
1.8,0.0,0.219
1.8,0.0,0.221
1.8,0.0,0.224
1.8,0.0,0.205
1.8,0.0,0.207
1.8,0.0,0.21
1.8,0.0,0.213
1.8,0.0,0.215
1.8,0.0,0.216
1.8,0.0,0.219
1.8,0.0,0.221
1.8,0.0,0.224
1.8,0.0,0.227
1.8,0.0,0.224
1.8,0.0,0.226
1.8,0.0,0.228
1.8,0.0,0.231
1.8,0.0,0.233
1.8,0.0,0.235
1.8,0.0,0.237
1.8,0.0,0.24
1.8,0.0,0.242
1.8,0.0,0.245
1.8,0.0,0.233
1.8,0.0,0.236
1.8,0.0,0.238
1.8,0.0,0.241
1.8,0.0,0.242
1.8,0.0,0.244
1.8,0.0,0.246
1.8,0.0,0.249
1.8,0.0,0.251
1.8,0.0,0.254
1.8,0.0,0.256
1.8,0.0,0.259
1.8,0.0,0.261
1.8,0.0,0.264
1.8,0.0,0.266
1.8,0.0,0.268
1.8,0.0,0.27
1.8,0.0,0.273
1.8,0.0,0.275
1.8,0.0,0.281
1.8,0.0,0.281
1.8,0.0,0.283
1.8,0.0,0.285
1.8,0.0,0.288
1.8,0.0,0.29
1.8,0.0,0.293
1.8,0.0,0.295
1.8,0.0,0.298
1.8,0.0,0.3
1.8,0.0,0.254
1.8,0.0,0.256
1.8,0.0,0.258
1.8,0.0,0.26
1.8,0.0,0.262
1.8,0.0,0.264
1.8,0.0,0.266
1.8,0.0,0.268
1.8,0.0,0.271
1.7,0.0,0.23
1.7,0.0,0.227
1.7,0.0,0.229
1.7,0.0,0.232
1.7,0.0,0.235
1.7,0.0,0.237
1.7,0.0,0.237
1.7,0.0,0.24
1.7,0.0,0.243
1.7,0.0,0.245
1.7,0.0,0.248
1.7,0.0,0.248
1.7,0.0,0.251
1.7,0.0,0.254
1.7,0.0,0.255
1.7,0.0,0.258
1.7,0.0,0.26
1.6,0.0,0.216
1.6,0.0,0.219
1.6,0.0,0.221
1.6,0.0,0.223
1.6,0.0,0.215
1.6,0.0,0.217
1.6,0.0,0.219
1.6,0.0,0.222
1.6,0.0,0.224
1.6,0.0,0.225
1.6,0.0,0.228
1.6,0.0,0.23
1.6,0.0,0.232
1.6,0.0,0.234
1.6,0.0,0.162
1.6,0.0,0.164
1.6,0.0,0.166
1.6,0.0,0.169
1.6,0.0,0.171
1.6,0.0,0.171
1.6,0.0,0.173
1.6,0.0,0.176
1.6,0.0,0.178
1.6,0.0,0.184
1.6,0.0,0.185
1.6,0.0,0.187
1.6,0.0,0.189
1.6,0.0,0.192
1.6,0.0,0.194
1.6,0.0,0.196
1.6,0.0,0.199
1.6,0.0,0.201
1.6,0.0,0.203
1.6,0.0,0.206
1.6,0.0,0.154
1.6,0.0,0.156
1.6,0.0,0.158
1.6,0.0,0.16
1.6,0.0,0.162
1.6,0.0,0.162
1.6,0.0,0.164
1.6,0.0,0.167
1.6,0.0,0.169
1.6,0.0,0.143
1.6,0.0,0.145
1.6,0.0,0.148
1.6,0.0,0.15
1.6,0.0,0.152
1.6,0.0,0.154
1.6,0.0,0.156
1.6,0.0,0.158
1.6,0.0,0.161
1.6,0.0,0.163
1.6,0.0,0.162
1.6,0.0,0.164
1.6,0.0,0.166
1.6,0.0,0.168
1.6,0.0,0.17
1.6,0.0,0.172
1.6,0.0,0.174
1.6,0.0,0.176
1.6,0.0,0.178
1.6,0.0,0.18
1.6,0.0,0.174
1.6,0.0,0.176
1.6,0.0,0.178
1.6,0.0,0.18
1.6,0.0,0.182
1.6,0.0,0.183
1.6,0.0,0.186
1.6,0.0,0.188
1.6,0.0,0.19
1.6,0.0,0.193
1.6,0.0,0.175
1.6,0.0,0.177
1.6,0.0,0.179
1.6,0.0,0.181
1.6,0.0,0.183
1.6,0.0,0.185
1.6,0.0,0.187
1.6,0.0,0.189
1.6,0.0,0.191
1.6,0.0,0.194
1.6,0.0,0.196
1.6,0.0,0.198
1.6,0.0,0.201
1.6,0.0,0.203
1.5,0.0,0.153
1.5,0.0,0.155
1.5,0.0,0.158
1.5,0.0,0.16
1.5,0.0,0.163
1.5,0.0,0.165
1.5,0.0,0.168
1.5,0.0,0.17
1.5,0.0,0.173
1.5,0.0,0.175
1.5,0.0,0.178
1.5,0.0,0.18
1.5,0.0,0.183
1.5,0.0,0.186
1.5,0.0,0.189
1.5,0.0,0.191
1.5,0.0,0.142
1.5,0.0,0.148
1.5,0.0,0.15
1.5,0.0,0.153
1.5,0.0,0.156
1.5,0.0,0.154
1.5,0.0,0.157
1.5,0.0,0.159
1.5,0.0,0.162
1.5,0.0,0.165
1.6,0.062,0.15
1.6,0.0,0.152
1.6,0.0,0.155
1.6,0.0,0.157
1.6,0.0,0.159
1.6,0.0,0.161
1.6,0.0,0.164
1.6,0.0,0.166
1.6,0.0,0.169
1.6,0.0,0.171
1.6,0.0,0.173
1.6,0.0,0.176
1.6,0.0,0.178
1.6,0.0,0.181
1.6,0.0,0.183
1.5,0.0,0.132
1.5,0.0,0.134
1.5,0.0,0.136
1.5,0.0,0.138
1.5,0.0,0.135
1.5,0.0,0.138
1.5,0.0,0.14
1.5,0.0,0.143
1.5,0.0,0.145
1.5,0.0,0.147
1.5,0.0,0.149
1.5,0.0,0.152
1.5,0.0,0.154
1.5,0.0,0.156
1.5,0.0,0.159
1.5,0.0,0.161
1.5,0.0,0.163
1.5,0.0,0.166
1.5,0.0,0.168
1.5,0.0,0.171
1.5,0.0,0.173
1.5,0.0,0.176
1.5,0.0,0.178
1.5,0.0,0.181
1.5,0.0,0.183
1.5,0.0,0.186
1.5,0.0,0.188
1.5,0.0,0.191
1.5,0.0,0.194
1.5,0.0,0.197
1.5,0.0,0.199
1.5,0.0,0.202
1.5,0.0,0.204
1.5,0.0,0.207
1.5,0.0,0.168
1.5,0.0,0.17
1.5,0.0,0.172
1.5,0.0,0.175
1.5,0.0,0.177
1.5,0.0,0.179
1.5,0.0,0.181
1.5,0.0,0.184
1.5,0.0,0.186
1.5,0.0,0.189
1.5,0.0,0.176
1.5,0.0,0.179
1.5,0.0,0.182
1.5,0.0,0.185
1.5,0.0,0.188
1.5,0.0,0.189
1.5,0.0,0.192
1.5,0.0,0.195
1.5,0.0,0.198
1.5,0.0,0.201
1.5,0.0,0.207
1.5,0.0,0.21
1.5,0.0,0.213
1.5,0.0,0.216
1.5,0.0,0.219
1.5,0.0,0.222
1.5,0.0,0.224
1.5,0.0,0.227
1.5,0.0,0.231
1.5,0.0,0.234
1.6,0.062,0.195
1.6,0.0,0.198
1.6,0.0,0.2
1.6,0.0,0.203
1.6,0.0,0.206
1.6,0.0,0.207
1.6,0.0,0.21
1.6,0.0,0.213
1.6,0.0,0.216
1.6,0.0,0.219
1.6,0.0,0.219
1.6,0.0,0.222
1.6,0.0,0.225
1.6,0.0,0.228
1.6,0.0,0.232
1.6,0.0,0.233
1.6,0.0,0.236
1.6,0.0,0.24
1.6,0.0,0.243
1.6,0.0,0.237
1.6,0.0,0.241
1.6,0.0,0.244
1.6,0.0,0.247
1.6,0.0,0.251
1.6,0.0,0.254
1.6,0.0,0.255
1.6,0.0,0.259
1.6,0.0,0.262
1.6,0.0,0.265
1.6,0.0,0.252
1.6,0.0,0.254
1.6,0.0,0.257
1.6,0.0,0.259
1.6,0.0,0.262
1.6,0.0,0.264
1.6,0.0,0.267
1.6,0.0,0.269
1.6,0.0,0.272
1.6,0.0,0.275
1.6,0.0,0.274
1.6,0.0,0.276
1.6,0.0,0.279
1.6,0.0,0.281
1.6,0.0,0.284
1.6,0.0,0.286
1.6,0.0,0.29
1.6,0.0,0.293
1.6,0.0,0.296
1.6,0.0,0.3
1.6,0.0,0.301
1.6,0.0,0.304
1.6,0.0,0.307
1.6,0.0,0.31
1.6,0.0,0.313
1.6,0.0,0.316
1.6,0.0,0.319
1.6,0.0,0.321
1.6,0.0,0.324
1.6,0.0,0.328
1.6,0.0,0.316
1.6,0.0,0.32
1.6,0.0,0.324
1.6,0.0,0.327
1.6,0.0,0.33
1.6,0.0,0.333
1.6,0.0,0.335
1.6,0.0,0.339
1.6,0.0,0.341
1.6,0.0,0.345
1.6,0.0,0.335
1.6,0.0,0.339
1.6,0.0,0.341
1.6,0.0,0.345
1.6,0.0,0.348
1.6,0.0,0.349
1.6,0.0,0.352
1.6,0.0,0.356
1.6,0.0,0.359
1.6,0.0,0.362
1.6,0.0,0.366
1.6,0.0,0.369
1.6,0.0,0.372
1.6,0.0,0.376
1.6,0.0,0.379
1.6,0.0,0.383
1.6,0.0,0.386
1.6,0.0,0.389
1.6,0.0,0.393
1.6,0.0,0.387
1.6,0.0,0.39
1.6,0.0,0.393
1.6,0.0,0.396
1.6,0.0,0.399
1.6,0.0,0.401
1.6,0.0,0.404
1.6,0.0,0.408
1.6,0.0,0.41
1.6,0.0,0.413
1.6,0.0,0.41
1.6,0.0,0.413
1.6,0.0,0.416
1.6,0.0,0.419
1.6,0.0,0.422
1.6,0.0,0.424
1.6,0.0,0.427
1.6,0.0,0.431
1.6,0.0,0.434
1.6,0.0,0.438
1.5,0.0,0.404
1.5,0.0,0.407
1.5,0.0,0.41
1.5,0.0,0.414
1.5,0.0,0.417
1.5,0.0,0.42
1.5,0.0,0.424
1.5,0.0,0.427
1.5,0.0,0.43
1.5,0.0,0.434
1.5,0.0,0.437
1.5,0.0,0.44
1.5,0.0,0.444
1.5,0.0,0.447
1.5,0.0,0.45
1.4,0.0,0.418
1.4,0.0,0.421
1.4,0.0,0.425
1.4,0.0,0.428
1.4,0.0,0.431
1.4,0.0,0.435
1.4,0.0,0.438
1.4,0.0,0.441
1.4,0.0,0.445
1.4,0.0,0.448
1.4,0.0,0.451
1.4,0.0,0.455
1.4,0.0,0.458
1.4,0.0,0.461
1.4,0.0,0.465
1.4,0.0,0.468
1.4,0.0,0.471
1.4,0.0,0.475
1.4,0.0,0.478
1.4,0.071,0.41
1.4,0.0,0.413
1.4,0.0,0.416
1.4,0.0,0.42
1.4,0.0,0.423
1.4,0.0,0.43
1.4,0.0,0.433
1.4,0.0,0.436
1.4,0.0,0.44
1.4,0.0,0.443
1.4,0.0,0.446
1.4,0.0,0.45
1.4,0.0,0.453
1.4,0.0,0.456
1.4,0.0,0.46
1.4,0.0,0.463
1.4,0.0,0.418
1.4,0.0,0.422
1.4,0.0,0.425
1.4,0.0,0.428
1.4,0.0,0.432
1.4,0.0,0.435
1.4,0.0,0.438
1.4,0.0,0.442
1.4,0.0,0.445
1.4,0.0,0.407
1.4,0.0,0.41
1.4,0.0,0.414
1.4,0.0,0.417
1.4,0.0,0.42
1.4,0.0,0.421
1.4,0.0,0.425
1.4,0.0,0.428
1.4,0.0,0.431
1.4,0.0,0.397
1.4,0.0,0.401
1.4,0.0,0.404
1.4,0.0,0.406
1.4,0.0,0.409
1.4,0.0,0.41
1.4,0.0,0.413
1.4,0.0,0.417
1.4,0.0,0.42
1.4,0.0,0.422
1.5,0.067,0.282
1.5,0.0,0.284
1.4,0.0,0.235
1.4,0.0,0.239
1.4,0.0,0.24
1.4,0.0,0.239
1.4,0.0,0.242
1.4,0.0,0.244
1.4,0.0,0.247
1.4,0.0,0.25
1.5,0.067,0.233
1.5,0.0,0.236
1.5,0.0,0.239
1.5,0.0,0.241
1.5,0.0,0.244
1.5,0.0,0.243
1.5,0.0,0.246
1.5,0.0,0.249
1.5,0.0,0.252
1.5,0.0,0.255
1.5,0.0,0.244
1.5,0.0,0.248
1.5,0.0,0.25
1.5,0.0,0.257
1.4,0.0,0.206
1.4,0.0,0.205
1.4,0.0,0.207
1.4,0.0,0.211
1.4,0.0,0.214
1.4,0.0,0.217
1.4,0.0,0.156
1.4,0.0,0.156
1.4,0.0,0.158
1.4,0.0,0.16
1.4,0.0,0.162
1.4,0.0,0.165
1.4,0.0,0.167
1.4,0.0,0.169
1.4,0.0,0.171
1.4,0.0,0.173
1.5,0.067,0.09
1.5,0.0,0.092
1.5,0.0,0.094
1.5,0.0,0.096
1.5,0.0,0.098
1.5,0.0,0.098
1.5,0.0,0.1
1.5,0.0,0.103
1.5,0.0,0.106
1.5,0.0,0.109
1.5,0.0,0.104
1.5,0.0,0.107
1.5,0.0,0.109
1.5,0.0,0.112
1.5,0.0,0.114
1.5,0.0,0.116
1.5,0.0,0.118
1.5,0.0,0.121
1.5,0.0,0.123
1.5,0.0,0.126
1.6,0.062,0.108
1.6,0.0,0.11
1.6,0.0,0.112
1.6,0.0,0.115
1.6,0.0,0.116
1.6,0.0,0.119
1.6,0.0,0.12
1.6,0.0,0.123
1.6,0.0,0.124
1.8,0.111,0.106
1.8,0.0,0.108
1.8,0.0,0.11
1.8,0.0,0.112
1.8,0.0,0.115
1.8,0.0,0.116
1.8,0.0,0.118
1.8,0.0,0.12
1.8,0.0,0.123
1.8,0.0,0.125
1.8,0.0,0.111
1.8,0.0,0.113
1.8,0.0,0.115
1.8,0.0,0.117
1.8,0.0,0.12
1.8,0.0,0.119
1.8,0.0,0.122
1.8,0.0,0.124
1.8,0.0,0.127
1.8,0.0,0.129
1.8,0.0,0.113
1.8,0.0,0.114
1.8,0.0,0.117
1.8,0.0,0.119
1.8,0.0,0.122
1.8,0.0,0.121
1.8,0.0,0.123
1.8,0.0,0.125
1.8,0.0,0.128
1.8,0.0,0.134
1.8,0.0,0.068
1.8,0.0,0.07
1.8,0.0,0.072
1.8,0.0,0.075
1.8,0.0,0.077
1.8,0.0,0.078
1.8,0.0,0.08
1.8,0.0,0.083
1.8,0.0,0.086
1.8,0.0,0.089
1.8,0.0,0.09
1.8,0.0,0.092
1.8,0.0,0.095
1.8,0.0,0.098
1.8,0.0,0.101
1.8,0.0,0.103
1.8,0.0,0.105
1.8,0.0,0.108
1.8,0.0,0.111
1.8,0.0,0.114
1.8,0.0,0.114
1.8,0.0,0.117
1.8,0.0,0.12
1.8,0.0,0.123
1.8,0.0,0.126
1.8,0.0,0.127
1.8,0.0,0.13
1.8,0.0,0.133
1.8,0.0,0.136
1.8,0.0,0.139
1.8,0.0,0.138
1.8,0.0,0.141
1.8,0.0,0.144
1.8,0.0,0.146
1.9,0.053,0.136
1.9,0.0,0.138
1.9,0.0,0.14
1.9,0.0,0.143
1.9,0.0,0.146
1.9,0.0,0.149
1.9,0.0,0.135
1.9,0.0,0.138
1.9,0.0,0.142
1.9,0.0,0.145
1.9,0.0,0.148
1.9,0.0,0.149
1.9,0.0,0.153
1.9,0.0,0.156
1.9,0.0,0.159
1.9,0.0,0.163
1.9,0.0,0.14
2.0,0.05,0.119
2.0,0.0,0.122
2.0,0.0,0.125
2.0,0.0,0.128
2.0,0.0,0.128
2.0,0.0,0.131
2.0,0.0,0.134
2.0,0.0,0.137
2.0,0.0,0.134
2.0,0.0,0.137
2.0,0.0,0.139
2.0,0.0,0.142
2.0,0.0,0.145
2.0,0.0,0.147
2.0,0.0,0.149
2.0,0.0,0.152
2.0,0.0,0.154
2.0,0.0,0.157
2.1,0.048,0.14
2.1,0.0,0.143
2.1,0.0,0.145
2.1,0.0,0.148
2.1,0.0,0.151
2.1,0.0,0.152
2.1,0.0,0.155
2.1,0.0,0.158
2.1,0.0,0.16
2.1,0.0,0.163
2.1,0.0,0.16
2.1,0.0,0.163
2.1,0.0,0.167
2.1,0.0,0.17
2.1,0.0,0.172
2.1,0.0,0.177
2.1,0.0,0.18
2.1,0.0,0.183
2.1,0.0,0.187
2.1,0.0,0.19
2.1,0.0,0.167
2.1,0.0,0.169
2.1,0.0,0.172
2.1,0.0,0.175
2.1,0.0,0.177
2.1,0.0,0.179
2.1,0.0,0.182
2.1,0.0,0.185
2.1,0.0,0.187
2.1,0.0,0.19
2.1,0.0,0.193
2.1,0.0,0.195
2.1,0.0,0.198
2.1,0.0,0.201
2.1,0.0,0.203
2.1,0.0,0.206
2.1,0.0,0.209
2.1,0.0,0.212
2.1,0.0,0.214
2.1,0.0,0.217
2.1,0.0,0.22
2.1,0.0,0.222
2.1,0.0,0.225
2.1,0.0,0.228
2.1,0.0,0.23
2.1,0.0,0.233
2.1,0.0,0.235
2.1,0.0,0.238
2.1,0.0,0.241
2.1,0.0,0.243
2.1,0.0,0.24
2.1,0.0,0.243
2.1,0.0,0.246
2.1,0.0,0.249
2.1,0.0,0.251
2.1,0.0,0.253
2.1,0.0,0.256
2.1,0.0,0.259
2.1,0.0,0.261
2.1,0.0,0.264
2.1,0.0,0.26
2.1,0.0,0.262
2.1,0.0,0.265
2.1,0.0,0.267
2.1,0.0,0.27
2.1,0.0,0.272
2.1,0.0,0.275
2.1,0.0,0.277
2.1,0.0,0.28
2.1,0.0,0.283
2.2,0.045,0.27
2.2,0.0,0.272
2.2,0.0,0.274
2.2,0.0,0.277
2.2,0.0,0.279
2.2,0.0,0.281
2.2,0.0,0.283
2.2,0.0,0.286
2.2,0.0,0.288
2.2,0.0,0.268
2.2,0.0,0.27
2.2,0.0,0.273
2.2,0.0,0.275
2.2,0.0,0.278
2.1,0.0,0.245
2.1,0.0,0.248
2.1,0.0,0.249
2.1,0.0,0.252
2.1,0.0,0.254
2.1,0.0,0.246
2.1,0.0,0.248
2.1,0.0,0.25
2.1,0.0,0.252
2.1,0.0,0.254
2.1,0.0,0.257
2.1,0.0,0.259
2.1,0.0,0.261
2.1,0.0,0.263
2.1,0.0,0.265
2.1,0.0,0.252
2.1,0.0,0.254
2.1,0.0,0.256
2.1,0.0,0.262
2.1,0.0,0.264
2.1,0.0,0.264
2.1,0.0,0.266
2.1,0.0,0.268
2.1,0.0,0.27
2.1,0.0,0.272
2.1,0.0,0.274
2.1,0.0,0.276
2.2,0.045,0.266
2.2,0.0,0.268
2.2,0.0,0.271
2.2,0.0,0.272
2.2,0.0,0.275
2.2,0.0,0.277
2.2,0.0,0.28
2.2,0.0,0.282
2.2,0.0,0.259
2.2,0.0,0.262
2.2,0.0,0.264
2.2,0.0,0.267
2.2,0.0,0.269
2.2,0.0,0.27
2.2,0.0,0.273
2.2,0.0,0.275
2.2,0.0,0.253
2.2,0.0,0.256
2.2,0.0,0.224
2.2,0.0,0.227
2.2,0.0,0.229
2.2,0.0,0.232
2.2,0.0,0.234
2.2,0.0,0.235
2.2,0.0,0.238
2.2,0.0,0.24
2.2,0.0,0.242
2.2,0.0,0.245
2.2,0.0,0.224
2.2,0.0,0.227
2.2,0.0,0.23
2.2,0.0,0.233
2.2,0.0,0.235
2.2,0.0,0.235
2.2,0.0,0.238
2.2,0.0,0.24
2.2,0.0,0.243
2.2,0.0,0.245
2.2,0.0,0.247
2.2,0.0,0.249
2.2,0.0,0.252
2.2,0.0,0.254
2.2,0.0,0.256
2.2,0.0,0.259
2.2,0.0,0.261
2.2,0.0,0.264
2.2,0.0,0.266
2.2,0.0,0.268
2.2,0.0,0.257
2.2,0.0,0.26
2.2,0.0,0.261
2.2,0.0,0.264
2.2,0.0,0.266
2.2,0.0,0.268
2.2,0.0,0.27
2.2,0.0,0.272
2.2,0.0,0.274
2.2,0.0,0.277
2.2,0.0,0.273
2.2,0.0,0.276
2.2,0.0,0.277
2.2,0.0,0.28
2.2,0.0,0.281
2.2,0.0,0.284
2.2,0.0,0.285
2.2,0.0,0.288
2.2,0.0,0.289
2.2,0.0,0.265
2.2,0.0,0.267
2.2,0.0,0.269
2.2,0.0,0.271
2.2,0.0,0.277
2.2,0.0,0.278
2.2,0.0,0.28
2.2,0.0,0.282
2.2,0.0,0.285
2.2,0.0,0.286
2.2,0.0,0.28
2.2,0.0,0.282
2.2,0.0,0.285
2.2,0.0,0.286
2.2,0.0,0.288
2.2,0.0,0.29
2.2,0.0,0.292
2.2,0.0,0.294
2.1,0.0,0.263
2.0,0.0,0.227
2.0,0.0,0.229
2.0,0.0,0.231
2.0,0.0,0.233
2.0,0.0,0.235
2.0,0.0,0.238
2.0,0.0,0.24
2.0,0.0,0.242
2.0,0.0,0.244
2.0,0.0,0.247
2.0,0.0,0.249
2.0,0.0,0.252
2.0,0.0,0.254
2.0,0.0,0.256
2.0,0.0,0.259
2.0,0.0,0.261
2.0,0.0,0.263
2.0,0.0,0.266
2.0,0.0,0.268
2.0,0.0,0.27
2.0,0.0,0.273
2.0,0.0,0.275
2.0,0.0,0.277
2.0,0.0,0.279
2.0,0.0,0.282
2.0,0.0,0.284
2.0,0.0,0.286
1.9,0.0,0.251
1.9,0.0,0.253
1.9,0.0,0.255
1.9,0.0,0.258
1.9,0.0,0.231
1.9,0.0,0.233
1.9,0.0,0.235
1.9,0.0,0.237
1.9,0.0,0.239
1.9,0.0,0.24
1.9,0.0,0.242
1.9,0.0,0.245
1.9,0.0,0.247
1.9,0.0,0.249
1.9,0.0,0.252
1.9,0.0,0.254
1.9,0.0,0.256
2.1,0.095,0.228
2.1,0.0,0.23
2.1,0.0,0.233
2.1,0.0,0.235
2.1,0.0,0.237
2.1,0.0,0.24
2.1,0.0,0.242
2.1,0.0,0.244
2.1,0.0,0.247
2.1,0.0,0.25
2.1,0.0,0.252
2.1,0.0,0.254
2.1,0.0,0.256
2.1,0.0,0.259
2.1,0.0,0.261
2.1,0.0,0.264
2.1,0.0,0.266
2.1,0.0,0.247
2.1,0.0,0.249
2.1,0.0,0.251
2.1,0.0,0.253
1.9,0.0,0.178
1.9,0.0,0.181
1.9,0.0,0.184
1.9,0.0,0.186
1.9,0.0,0.188
1.9,0.0,0.179
1.9,0.0,0.182
1.9,0.0,0.184
1.9,0.0,0.186
1.9,0.0,0.188
1.9,0.0,0.189
1.9,0.0,0.191
1.9,0.0,0.193
1.9,0.0,0.196
1.9,0.0,0.198
1.8,0.0,0.13
1.8,0.0,0.132
1.8,0.0,0.135
1.8,0.0,0.136
1.8,0.0,0.139
1.8,0.0,0.14
1.8,0.0,0.143
1.8,0.0,0.145
1.8,0.0,0.147
1.8,0.0,0.149
1.9,0.053,0.113
1.9,0.0,0.115
1.9,0.0,0.117
1.9,0.0,0.119
1.9,0.0,0.122
1.9,0.0,0.123
1.9,0.0,0.126
1.9,0.0,0.128
1.9,0.0,0.131
1.9,0.0,0.133
1.9,0.0,0.136
1.9,0.0,0.138
1.9,0.0,0.141
1.9,0.0,0.143
1.9,0.0,0.146
1.9,0.0,0.148
1.9,0.0,0.151
1.9,0.0,0.154
1.9,0.0,0.155
1.9,0.0,0.158
1.9,0.0,0.157
1.9,0.0,0.16
1.9,0.0,0.162
1.9,0.0,0.165
1.9,0.0,0.167
1.9,0.0,0.169
1.9,0.0,0.172
1.9,0.0,0.175
1.9,0.0,0.177
1.9,0.0,0.179
1.9,0.0,0.144
1.9,0.0,0.146
1.9,0.0,0.149
1.9,0.0,0.151
1.9,0.0,0.153
1.9,0.0,0.154
1.9,0.0,0.156
1.9,0.0,0.158
1.9,0.0,0.16
1.9,0.0,0.162
1.9,0.0,0.139
1.9,0.0,0.141
1.9,0.0,0.143
1.9,0.0,0.145
1.9,0.0,0.147
1.9,0.0,0.152
1.9,0.0,0.154
1.9,0.0,0.156
1.9,0.0,0.158
1.9,0.0,0.16
1.9,0.0,0.13
1.9,0.0,0.132
1.9,0.0,0.134
1.9,0.0,0.136
1.9,0.0,0.138
1.9,0.0,0.139
1.9,0.0,0.141
1.9,0.0,0.143
1.9,0.0,0.145
1.9,0.0,0.136
1.9,0.0,0.138
1.9,0.0,0.14
1.9,0.0,0.142
